key,sequence
0,CSQNEYFDSLLHACIPCQLRCSSNTPPLTCQRYCNA
-1,CSQNEYFDSLLHACIPCQLRCSSNTPPLTCQRYCNA
-1,CPEEQYWDSLLNTCVSCKPICSSQ-IPRTCAAFCKS
-1,CPEEQYWDSLLNTCVSCKPICSSQ-IPRTCAAFCKS
-1,CPEEQYWDPLLNMCLSCKPICSHQ-IPRTCAAFCKS
-1,CPEEQYWDPLLNACLSCRPICSHQT-PRACAAFCKS
-1,CPEEQYWDPLLNICLSCKLICSHQ-IPRTCAAFCKS
-1,CPEEQYWDPLLNTCVSCKTICSNQS-PRTCAAFCKS
-1,CPEGQYWDPLLNTCVSCKAICSNQS-PRTCAAFCKS
-1,CFQNEYFDSLLHACKPCHLRC-FHTPPPTCQRYCNA
-1,--QNEYFDSLLHACIPCQLRCSSNTPPLTCQRYCNA
-1,CSQNEYFDGLLRACKPCHLRC-PNTPPVSCQRYCNS
-1,CPEEQYWDSLLNTCLSCKFICSHQ-IPRTCATFCKS
-1,CPKNEYFDNLLLSCKPCHLRC-SNTPPPTCENYCN-
-1,CPEEQYWDPLLKSCVSCKPICSRRS-PRTCAAFCKS
-1,CPEEQYWDPLLNVCLSCKPICSHQ-IPRTCSAFCKA
-1,CPEDQYWDSLLNTCVSCKPTCSSQ-IPRTCAAFCKS
-1,CPEEQYWDPLLKTCVPCKPFCSRRS-PRTCIAFCKS
-1,CPKNEYFDNLLRSCTPCHLRCSS-TPPPSCESYCD-
-1,CPEEQYWDPLLSVCVSCKPICSHQ-IPHTCAAFCKS
-1,CPKNEYFDNLLLSCKPCHLRC-SNTPPPSCENYCN-
-1,CPKNEYFDNLLLSCKPCHLRC-SNTPPPSCENYCN-
-1,CFQHEYFDSLLHTCKPCHLRC-SNTPPLTCQRYCNA
-1,CPEEQYWDYLLNNCVSCKTICSHQ-IPRTCAAFCKS
-1,CPEEQYWDPLLSTCISCKPICSHRSQ-RTCAAFCKS
-1,CPEEQYWDPLLGTCMSCKTICHHQSQ-RTCAAFCRS
-1,CPKNEYFDNLLLSCKPCHLRCSS-TPPPSCENYCE-
-1,CPEEQYWDSLLNICFSCKPICSHQ-FPRTCAAFCKS
-1,CPEEQYWDPLLNVCFSCKPFCSHQ-IPRPCTAFCKS
-1,CPEERYWDSLLNTCVSCKPTCSGQ-IPRTCAAFCKS
-1,CFQNEYFDSLLHACKPCHLRC-SNTPPVTCQRYCD-
-1,CPEEKYWDSLLNGCMSCKPICSQRR-PSTCAAFCKS
-1,CPKNEYFDNLLLSCKPCHLRC-SNTPPPSCENYCD-
-1,CPKNEYFDNLLLSCKPCHLRCSS-TPPPSCESYCD-
-1,CPEEQYWDTLLNGCLSCRSICSHQ-VPRSCAAFCKS
-1,CPKNEYFDNLLLSCKPCHLRCSS-TPPPSCENYCD-
-1,CPQNEYFDHLLLSCKPCHLRCSS-TPPPSCESYCD-
-1,CPKNEYFDNLLLSCKPCHLRCSS-TPPPSCENYCD-
-1,CPKNEYFDNLLLSCKPCHLRCSS-TPPPSCENYCD-
-1,CPKNEYFDNLLLSCTPCHLRCSS-TPPPSCENYCE-
-1,CPKNEYFDNLLLSCKPCHLRCSS-TPPPSCENYCD-
-1,CPKNEYFDNLLLSCKPCHLRCSS-TPPPSCENYCD-
-1,CPKNEYFDNLLLSCKPCHLRCSS-TPPPSCENYCD-
-1,CPKNEYFDNLLLSCKPCHLRCSS-TPPPSCENYCD-
-1,CPKNEYFDNLLLSCKPCHLRCSS-TPPPSCENYCD-
-1,CPQNEYFDNLLLSCKPCHLRC-SNTPPTSCENYCN-
-1,CPKNEYFDNLLLSCTPCHLRCSS-TPPPSCENYCE-
-1,CPKNEYFDNLLLSCKPCHLRCSS-TPPPSCENYCD-
-1,CPKNEYFDNLLLSCKPCHLRCSS-TPPPSCENYCD-
-1,CPKNEYFDNLLLSCKPCHLRCSS-TPPPACENYCD-
-1,CPKNEYFDNLLLSCKPCHLRCSS-TPPPSCENYCD-
-1,CPKNEYFDNLLLSCKPCHLRCSS-TPPPSCDNYCD-
-1,CPKNEYFDNLLLSCKPCHLRCSS-TPPPSCENYCD-
-1,CPKNEYFDNLLLSCKPCHLRCSS-TPPPACENYCD-
-1,CPKNEYFDNLLLSCKPCHLRCSS-TPPPSCENYCD-
-1,CPKNEYFDNLLLSCKPCHLRCSS-TPPPSCENYCD-
-1,CFQNEYFDRLLNACKPCHLRC-PNTPPLICQRYCN-
-1,CPEEQYWDPLLNVCLSCRSIC-SHHIPRPCTAFCKS
-1,CPEEQYWDPLVRTCISCKPTCSRQNQH-TCAAFCKS
-1,CPEERYWDPLLNGCVSCRPICSRQ-VPRTCTAFCKS
-1,CPKNEYFDNLLLSCKPCHLRCSS-TPPPSCENYC--
-1,CPQNEYFDNLLLSCTPCHLRCSS-TPPPSCENYCD-
-1,CPRNEYFDNLLLSCKPCHLRCSS-TPPPSCENYCD-
-1,CPKNEYFDNLLLSCKPCHLRCSS-TPPPLCESYCD-
-1,CPKNEYFDNLLLSCKPCHLRCSS-SPPPSCENYCD-
-1,CFQNEYLDNLLHACKPCHLRC-SNTPPLVCQSYCNA
-1,CPKNEYYDNLLLSCKPCHLRCSS-TPPPSCENYCD-
-1,CPKNEYFDNLLLSCKPCHLRCSS-TPPPACENYC--
-1,CPKNEYYDNLLLSCKPCHLRCSS-TPPPSCENYCD-
-1,CPQQQYWDSLVRRCVPCSAMCHLQ-PPLRCSRFCES
-1,CPPQQYWDSLVRKCVPCSAMCHLQ-PPLRCSRFCES
-1,CPEEQYWDPLLRSCISCKSTCNQRNQ-RTCAAFCKS
-1,CPEEQYWDTLLNVCLSCKSICSHR-IPRSCTAFCKS
-1,CPENEYFDNLVLSCKPCHLRCSG-TPPPSCENYCD-
-1,CPEEQYWDPLLRGCISCKSTCNHRNQ-RTCAAFCKS
-1,CPEEQYWDPLLGTCMSCKAICNHQSQ-RTCATFCRS
-1,CPKNEYFDNLLLSCTPCHLRCSS-APPPSCESYCE-
-1,CPKNEYFDNLLLSCTPCHLRCSS-APPPSCESYCE-
-1,CPKNEYFDSLLLSCKPCHLRCSG-TPPRPCEKYCD-
-1,CPKNEYFDNLLLSCKPCHLRCSS-APPPSCESYCD-
-1,CPQNEYFDNLLLSCKPCHLRCSS-APPPSCENYCD-
-1,CPENEYFDNLVLSCKPCHLRCSG-TPPPSCENYCD-
-1,CPKNEYFDNLLLSCTPCHLRCSS-APPPSCVDYCE-
-1,CPKNEYFDNLLLSCKPCHLRCSG-TPPPSCENYCD-
-1,CPKNEYFDNLVLSCKPCHLRCSS-TPPPSCENYCD-
-1,CPKNEYFDNLLLSCKPCHLRCSS-TPPPLCENYCD-
-1,CTSGHYWDGLVKQCMSCQMMCEQPEPHARCMDFCVA
-1,CPEEQFWDPLLNTCVSCKPMCSHRSQ-RTCAAFCKS
-1,CPEEKYWDSLLNVCLSCRSICSHQ-IPRTCTAFCKS
-1,CPEEQYWDPLLSTCISCKPTCSHRNQ-RICAAFCKS
-1,CPKNEYFDNLLLSCTPCHLRCSS-APPPSCENYCE-
-1,CPKNEYFDHLLISCKPCHLRCSS-TPPPSCENYCD-
-1,CPKNEYFDHLLISCKPCHLRCSS-TPPPSCENYCD-
-1,CPKNEYFDNLLLSCTPCHLRCSS-APPPSCENYCE-
-1,CPQNEYFDNLLLSCKPCHLRC-PSTPPPSCENYCD-
-1,CPKNEYFDNLLLSCTPCHLRCSS-APPPSCENYCE-
-1,CPKNEYFDNLLLSCTPCHLRCSS-APPPSCENYCE-
-1,CPKNEYFDNLLLSCTPCHLRCSS-APPPSCENYCE-
-1,CPKNEYFDNLLLSCTPCHLRCSS-APPPSCENYCE-
-1,CPKNEYFDNLLLSCTPCHLRCSS-APPPSCENYCE-
-1,CPKNEYFDNLLLSCKPCHLRCSS-APPPSCENYCD-
-1,CPKNEYFDNLLLSCTPCHLRCSS-APPPSCENYCE-
-1,CPKNEYFDHLLLSCTPCHLRCSS-SPPPVCENYCE-
-1,CPKNEYFDNLLLSCTPCHLRCSS-APPPSCENYCE-
-1,CPKNEYFDNLLLSCKPCHLRCSS-APPPSCENYCD-
-1,CPKNEYFDNLLLSCTPCHLRCSS-APPPSCENYCE-
-1,CPKNEYFDNLLLSCKPCHLRCSS-APPPSCENYCD-
-1,CPKNEYFDHLLLSCTPCHLRCSS-SPPPSCENYCE-
-1,CPKNEYFDNLLLSCTPCHLRCSS-APPPSCENYCE-
-1,CSEEQYWDPVLNICLPCKSICSHQ-IPRTCVAFCKS
-1,CPKNEYFDNLLLSCTPCHLRCSS-APPPSCENYCE-
-1,CPEGHFWDGLVRVCVTCQMVCQQPHQHYRCTEYCVS
-1,CPEEQYWDPLVRTCISCKPTCSHRNQH-TCTAFCKS
-1,CFQNEYFDSLLGACKPCHLRCSS-TPPLPCHGYCDA
-1,CPEEQYWDPLLNVCLSCKPTCSHQA-SRTCAAFCKS
-1,CSQEQYWDPLLNSCLSCKSIC-NNQIPRTCAAFCKS
-1,CPKNEYFDHLLISCKPCHLRCSS-TPPPSCENYC--
-1,CPRNEYFDNLLLSCTPCHLRCSS-APPPSCENYCE-
-1,CPKNEYFDHLLLSCTPCHLRCSS-APPPSCETYCE-
-1,CPRNEYFDNLLLSCTPCHLRCSS-APPPACENYCE-
-1,CPKNEYFDNLLLSCAPCHLRCSS-APPPSCENYCE-
-1,CPKSEYFDNLLLSCKPCHLRCSS-TPPPSCENYCD-
-1,CPKNEYFDSLLLSCKPCHLRCAG-TPPPPCEKYCD-
-1,CPQTEYFDNLLLSCKPCHLRCSS-TPPPSCENYCD-
-1,CPEEQYWDDLLNRCISCKSACSHRSQ-RTCAAFCKS
-1,CIQNEYFDRLLTACKPCHLRC-SNTPPLPCQRYCDA
-1,CREGEFWDGLVRKCMPCEMVCQQAHVPARCTDYCVS
-1,CPEGHFWDGLVRKCMTCQMVCQQPHHHLRCIEFCVS
-1,CPEEQYWDNLLSSCVSCKPACGHRSQ-RTCAAFCKS
-1,CPEGQYWDGLVKECLCCRLVCEQPHVSSRCISYCES
-1,CIQNEYFDKLLTACKPCHLRC-SNTPPLPCQRYCDA
-1,CTQEQYWDPLLNVCFSCKSICNYQ-IPRTCAAFCKS
-1,CIQNEYFDRLLTACKPCHLRC-SNTPPLPCQRYCDA
-1,CPEGQYWDALLKKCMRCGLVCQQPNVTTRCVSYCES
-1,CFQNEYLDGLLHACKPCHLRC-SHTPPLVCQHYCN-
-1,CFQNEYFDRLLDACQPCRLRC-SNTPPLTCQRYCN-
-1,CPKNEYFDNLLLSCKPCRLRCSS-TPPPSCENYCD-
-1,CPKNEYFDNLLLSCKPCELRCSS-TPPPSCENYCD-
-1,CPKNEYFDHLLLSCTPCHLRCSS-SPPPSCENYCD-
-1,CPKNEYFDNLLLSCKPCHLRCSSTSPP-SCENYCD-
-1,CPKNEYFDHLLLSCTPCHLRCSS-SPPPSCENYCD-
-1,CPKNEYFDHLLLSCTPCHLRCSS-APPPSCENYCE-
-1,CFKNEYFDSLLQSCIPCHLRCSSK-PPFSCQSYCN-
-1,CFKNEYFDSLLQSCIPCHLRCSSK-PPFSCQSYCN-
-1,CFKNEYFDSLLQSCIPCHLRCSSK-PPFSCQSYCN-
-1,CFQNEYFDSLLQSCKPCHLRCSSK-PPFSCQNYCN-
-1,CFQNEYFDSLLQSCKPCHLRCSSK-PPFSCQNYCN-
-1,CFKNEYFDSLLQSCIPCHLRCSSK-PPFSCQSYCN-
-1,CPEEEYWDTLLRCCVPCRSICNRPN-PKSCATFCES
-1,CTSGRYWDGLVKQCMSCQMMCDKPEPHARCTDFCVA
-1,CPEGHFWDGLLRKCLTCQMVCQQPHHHLRCIEYCVS
-1,CLEEQYWDTLLTKCVPCKSFCSHQ-IPRTCADFCNS
-1,CPEEKYWDSLLKGCTSCKPICSQRR-PSTCTAFCKS
-1,CFQDEYFDHLLHACKPCHLRC-SNTPPLACQRYCHA
-1,CFRNEYFDSLLQSCIPCHLRCSSK-PPFSCQSYCN-
-1,CPEEKYWDSLLNGCMSCRPICAQRR-PSTCTAFCKS
-1,CPEEKYWDSLLNGCMSCKPICSQRR-PSTCAAFC--
-1,CPTNEYFDNLLLSCTPCHLRCSS-APPPSCENYCE-
-1,CPKNEYFDHLLLSCKPCHLRC-STAPPPSCESYCD-
-1,CPKNEYFDHLLLSCTPCHLRCAG-TPPPACESYCE-
-1,CLKNEYFDNLLLSCKPCHLRCSS-TPPPSCENYCE-
-1,CTGSQYWDGLVRQCMSCHIVCGKTDPHLRCLDFCVA
-1,CFRNEYFDSLLQSCIPCHLRCSSK-PPFSCQSYCN-
-1,CPEEQFWDPLLNTCVSCKPLCSQRSQ-RTCVAFCKS
-1,CGVGQYWDTLIKKCFQCHMECHRLHVIPRCASFCES
-1,CSSAQFWDSLLNTCMPCHLICHKQDIISRCKKFC--
-1,CTDEQYWDTLVCQCIPCSLVCSQPT-VRRCAAVCES
-1,CPKNEYFDNLLLSCTPCQLRCSS-APPPSCENYCE-
-1,CPKNEYFDNLLLSCTPCQLRCSS-APPPSCENYCE-
-1,CPKNEYFDNLLLSCTPCHLRCSS-APPTSCENYCE-
-1,CPKNEYFDNLLLSCVPCHLRCSS-TPPISCENYCD-
-1,CAKNEYFDNLLLSCKPCHLRCSS-TPPPSCENYCD-
-1,CPREQYWDVLVNTCVSCKLTCGQRSQ-RTCAAFCKS
-1,CPEGQYMDRLLRECVSCSMICHDSVIPTRCSQYCVA
-1,CIQDDYFDKLLNACTPCHLRC-SNSPPLTCQHYCNA
-1,CSSAQYWDSLLKSCLPCHLICKQQVIVSRCNKFC--
-1,CPHGHHWDALIKTCMSCHLVCQQKHAPSKCTSYCES
-1,CAGGQYLDRLLKQCMPCQLVCDNPDPPTRCLDFCVA
-1,CSEQEYWDSLVCQCIPCSLLCSQPA-PRRCAALCES
-1,CPEEHYWDPLLMVCVSCKPICSRRSQ-RICATFCKS
-1,CPKEHYWDPLLFNCVSCKPICSRRSQ-RICAAFCKS
-1,CPQSEYFDSLLLSCKPCHLRCAG-TPPRPCEKYCD-
-1,CSKNEYFDNLLLSCTPCHLRCSS-APPPSCENYCE-
-1,CPEGQFMDRLLRECVSCSMICHDSVPPSRCSQFCVA
-1,CPEEQYWDNLLSSCISCKSACSNRSQH-TCAAFCKS
-1,CPERQYWDGLVKQCVNCDLVCKQPDEIPRCTSYCEA
-1,CSQDEYFDNLLLSCKPCHLRCSS-APPPACERYCE-
-1,CPKNEYFDNLLMSCKPCHLRCSS-TPPPSCENSC--
-1,CPKNEYFDSLLLSCKPCHLRC-PGTPPLPCEKYCD-
-1,CPEGHFWDGLVRKCLTCQMVCQQPQHHLRCIEYCVS
-1,CTDQEYWDTLVNQCIPCSLVCSQP-PARRCDAVCES
-1,CPLGQYWDTLVQQCVSCGERCGDSDTPTGCSSFCVS
-1,CFHSEYFDSLLHACKPCHLRCS--NPPATCQPYCD-
-1,CPEGQFMDGLLRECVPCSVICHDSVIPTRCSQYCVA
-1,CPKNEYFDNLLLSCTPCHLWCSS-APPPSCENYCE-
-1,CPKNEYFDNLLLSCTPCHLWCSS-APPPSCENYCE-
-1,CLKNEYFDNLLLSCTPCHLRCSS-APPPSCESYCE-
-1,CSKDEYFDNLLLSCKPCHLRCA-NTPPPACEHYCE-
-1,CPKNEYFDNLLLSCKPCHLRCSST--PPSCENYCD-
-1,CPKNEYFDNLLLSCTPCHLWCSS-APPPSCENYCE-
-1,CFRNEYFDSLLQSCIPCQLRCSSK-PPFSCQSYCN-
-1,CFRNEYFDSLLQSCIPCQLRCSSK-PPFSCQSYCN-
-1,CPEEQYWDPLLGTCISCKAICSCQSQ-RTCAAFC--
-1,CTDQEYWDTLVSQCIPCSLVC-SQTPARRCDAVCES
-1,CPEGQYLDNLLRRCMDCNRECGKPYLPPRCTSYCES
-1,CTDQQYWDPLVCQCVPCSAICSQ--PPARCAALCES
-1,CSDHEYWDTLVSQCIPCSLVCSQP-PARRCDAVCES
-1,CSGGQYWDGLLKGCIGCQTQCNQPHVIPKCTSYCES
-1,CPEEQYWDPRLTACLHCRSICSHQ-VPRTCAAFCKS
-1,CSEGHYWDGLVKRCISCQMVCKQTQHIVRCTDYCVS
-1,CSQNQYFDLLLDSCQPCYLRC-YKTPPPTCKNFC--
-1,CFHSEYFDSLLHACKPCHLRCS--NPPVPCQPYCN-
-1,CPEEQYWDPLLGTCISCKAICSQSQ--RTCAAFC--
-1,CPKNEYFDNLLLSCTPCHLRCSS-APPISCENYCD-
-1,CSKDEYFDNLLLSCKPCHLRCSG-TPPPSCENYCD-
-1,CPQNEYFDHLLLSCTPCHLRCSS-SPPPSCENSCE-
-1,CTDQQYWDTLVCQCIPCSLVCGQPT-VRRCAALCES
-1,CPEGQFMDRLLRECVSCSMICHDSVIPTRCSQYCVS
-1,CFHXEYFDSLLHACKPCHLRCS--NPPVPCQPYCN-
-1,CTDQQYWDTLVCQCIPCSLVCRQPAVP-RCAALCES
-1,CTDQEYWDTLVSQCIPCSLVCSQP-PARRCDAVCES
-1,CTDQEYWDTLVSQCIPCSLVC-SQSPARRCDAVCES
-1,CPDGQYWDYLVKQCMQCHLECHRPETNAKCISYCE-
-1,CTDQEYWDTLVSQCIPCSLVCSQP-PARRCDAVCES
-1,CTDQEYWDTLVSQCIPCSLVC-SQSPARRCDAVCES
-1,CTDQEYWDTLVSQCIPCSLVC-SQSPARRCDAVCES
-1,CTDEQYWDTLVCQCIPCSLVCGRPT-VRRCAAVCES
-1,CPKEQYWDSLLKSCISCKSTCDHRSL-RPCTAFCKS
-1,CPEGHFWDSLVRECLTCQMVCQRPQHHLRCIEYCVS
-1,CTDQQYWDTLLYQCIPCSLVCGWPT-VRRCAALCES
-1,CTDQEYWDTLVSQCIPCSLVCSQP-PARRCDAVCES
-1,CTDQEYWDTLVSQCIPCSLVCSQP-PARRCDAVCES
-1,CTDQEYWDTLVSQCIPCSLVCSQP-PARRCDAVCES
-1,CSQEQYWDPLLNVCLSCKSSCNYQ-IPRTCATFCKA
-1,CTDQQYWDTLVCQCIPCSLACGQPAVP-RCAALCES
-1,CREGEHFDGLTKSCIPCRMMCRQPHVIPRCASYCES
-1,CHGGHYWDALLKKCIGCQMQCKQPHIIPKCTSYCES
-1,CPEEQYWDPLLGNCMSCKAICNHQSQ-RTCAASCRS
-1,CPEEHYWDHLLITCVSCKPICSRRSQ-RICAAFCKS
-1,CPEEQYWDHLLNICLSCKSICSRK-IPQTCADFCKS
-1,CFRSEYFDSLLHACKPCHLRCS--NPPVPCQPYCD-
-1,CPQNEYFDHLLLSCTPCHLRCSS-SPPPACESSCD-
-1,CPKNEYFDNLLLSCTPCHLRCSS-APPPSCENSCE-
-1,CPKNEYFDNLLLSCTPCHLRCSS-APPPSCENSCE-
-1,CPNEQYWDNLLNVCHSCRSICNHR-IPRSCTAFCKS
-1,CGEGQYRDTLLRECVPCQETCSQQHQPTSCIQFC--
-1,CPEEQYWDPLLTTCVSCRLTCSLRSQ-RICTTFCKS
-1,CTEQQYWDTLVRQCIPCSLVCG-RLPVRRCAAVCES
-1,CSEEHYWDPLLMTCVSCKPICSRRNQ-RICATFCKS
-1,CTDHEYWDTLLSQCIPCSLVCSQP-PASRCDAVCES
-1,CPKNEYFDHLLLSCTPCHLRCSS-SPPPACESSCD-
-1,CPKEQYWNPLLHRCISCKLNCDHQNL-STCVAFCKS
-1,CGNNKYFDGLIEECQPCSIRC--KSPPPICVTYCKS
-1,CFKNEYFDNLLQSCKPCRLRCSSK-PPFPCQSYCD-
-1,CPEGQYMDRLLRECVSCRMICHDSTILTRCSEFCVA
-1,CTDQEYWDTLVSQCIPCSLVCRQP-PARRCDAVCES
-1,CTDQEYWDTLVSQCIPCSLVC-SQRPARRCDAVCES
-1,CTDQQYWDTLVCQCIPCSLVCSRPT-VRRCAALCES
-1,CTEEQYWDTLVYQCIPCSAVCGWPT-VRRCAALCES
-1,CHEGHFWDGLVRKCLTCQMVCQQPHHHLRCIEYCVS
-1,CTDQEYWDTLVSQCIPCSLVCSQP-PVRKCDAVCES
-1,CTDHEYWDTLISQCVPCSLVCSQP-PARRCDAVCES
-1,CPDREYWDSLVRKCMPCKNMCRGQPQPEKCVPVCAS
-1,CPEGQYLDTLVKECLYCHLVCQQPHVITKCISYCEA
-1,CGNNKYFDGLIEECQPCSIRC--KSPPPICVTYCKS
-1,CTDQEYWDILVRQCIPCSLLCSQHT-VRRCAALCES
-1,CTDQEYWDTLVSQCIPCSLVC-SQRPARRCDAVCES
-1,CSSNQYFDILIQACKPCDLRCKSN-PPLRCQSFC--
-1,CPEGHFWDPLVKLCVTCQLACQQQQVIRRCISYC--
-1,CTDQEYWDTLVYQCIPCSLVCSRPT-VRRCAALCES
-1,CSSNQYFDILIQACKPCDLRCKSN-PPLRCQSFC--
-1,CPEEEYWDSLRGACISCKPTCSLRSQ-RTCVTFCKS
-1,CTDQEYWDTLVSQCIPCSLVCSRP-PARRCDAVCES
-1,CSDTQFWDALLKQCTDCQSVCRQQHVVPRCSSYCVS
-1,CTDEQYWDTLVCQCIPCSLVCGRPT-VKRCAALCES
-1,CTDQQYWDSLVCQCIPCSLVCGRPT-VRRCAALCES
-1,CSDQQYWDTLLNQCIPCSLVCGRST-VRRCTALCES
-1,CHEGEHWDGLVKKCMQCHLACQQPRVNARCISYCES
-1,CTDQEYWDTLVYQCIPCSLVCSRPT-VRRCAALCES
-1,CPPSEYFDNLLFSCKPCHLRCAG-TPPRPCEQHC--
-1,CPPSEYFDNLLFSCKPCHLRCAG-TPPRPCEQHC--
-1,CPTNEYFDNLLLSCTPCHLRCSS-APPPSCQTY---
-1,CSENEYFDMLLQICQPCHVRC-LRSPPRQCHNYCN-
-1,CHGGQYWDALLKKCIGCQIQCKQSHIIPKCTSYCES
-1,CPAGQYWDALLKNCISCDQICKQKHIISRCTSHCES
-1,CSEGYFWDGLVRKCLTCQMVCQQPHRHLRCIEYCVS
-1,CPEGQYWDGLVTDCVGCQTVCQQPHKHVRCNKFCLS
-1,CTDQQYWDALVCQCIPCSLVCGRPAVP-RCAALCES
-1,CTDEQYWDTLVCQCIPCSLVCGRST-ARRCAALCES
-1,CTDEQYWDILVCQCIPCSLVCSRPT-VRKCAAVCES
-1,CTDQQYWDTLLYQCIPCSLVCDWPT-ATRCAALCES
-1,CTDQEYWDTLVSQCIPCSLGC-SQSPARRCDAVCES
-1,CLEEQYWDPELSTCLSCKSICSRQ-IPRTCVAFCKS
-1,CPVNEYFDMLLQICQSCHVRC-PRSPPRLCHNYCN-
-1,CTDQQYWDPLVCQCIPCSVICGQPT--ARCAALCES
-1,CTDQQYWDTLVCQCIPCSLICGRST-VRRCAALCES
-1,CTDEQYWDILVRQCIPCSLVCGRLT-ARRCAAWCES
-1,CTDQQYWDPLVCQCIPCSIICSQPT--ERCAALCES
-1,CTDQQYWDILVCQCVPCSLVCSRPT-VRRCAALCES
-1,CTDQEYWDTLVFQCIPCSVVC-SQRPARRCDAVCES
-1,CTDQEYWDTLVYQCIPCSLVCGRPT-ARRCAALCES
-1,CTDQQYWDPLVFQCIPCSIVCGQPT-ARRCTALCES
-1,CTDEQYWDSLVCQCIPCSLVCGRPT-VQRCAALCES
-1,CSEQEYWDSLVCQCIPCSLVCSQPA-ASRCAALCES
-1,CPKEQYWEPLLHRCISCKSTCNHRNQH-TCTAFCKS
-1,CRGGQYWDGLLKGCIGCQTQCNKPHVIPKCTSYCES
-1,CPEEHYWDALLITCVNCKSICSRRSQ-RICAAFCNS
-1,CTDQQYWDTLVCQCIPCSLVCGRPA-VRRCAALCES
-1,CPEDQHWAPLLTVCLSCKPICSHQ-IPRTCAAFCKS
-1,CTDQEYWDSLVCQCMPCSAICSQPT-VGRCAALCES
-1,CTDQEYWDTLLSQCIPCSLVCGRSTI-RRCDAVCES
-1,CHEGQYWDHLLRMCMPCQTQCAQPYQTERCNNFCVA
-1,CTDQQYWDTLVCQCIPCSMVCGQP-LARRCAELCES
-1,CSDQQYWDSLLCQCIPCSTLCSQPTL-GRCAALCES
-1,CTDQQYWDPLVCQCIPCSVVCGQST-ARRCAALCES
-1,CTDQQYWDTLVCQCIPCSLVCG-PSAAPRCAALCES
-1,CTDQQYWDTLVRQCIPCSLVCGRLT-ARRCAAWCES
-1,CTDQEYWDTLVFQCIPCSLTCSQP-QSRRCDAVCES
-1,CTDQEYWDSLVSQCIPCSLTCSQPQT-RRCDAVCES
-1,CTSQEYWDSLISQCIPCSLVCSRP-PARRCDAVCES
-1,CTDRQYWDTLVCQCIPCSLVCGRPT-ARRCAALCES
-1,CTDQEYWDTLVSRCIPCSLVCGQPT-ARRCDAVCES
-1,CTDHEYWDTLVSQCIPCSIVCSRP-PARRCDAVCES
-1,CTSQEYWDTLVSQCIPCSLAC-SQAPARRCDAICES
-1,CTDQEYWDALVSQCIPCSLVCGQPT-ARRCDAVCES
-1,CTDQQYWDTLVCQCIPCSLACGRHS-VRRCAALCES
-1,CTDQQYWDTLVYQCIPCSTVCGWPT-VRRCAALCES
-1,CTEQQYWDTLVCQCIPCSLVCG-RHAVRRCAALCES
-1,CTDQEYWDTLVSQCIPCSLGC-NQSPARRCDAVCES
-1,CTDQEYWDTLVSQCIPCSLVCSRPTT-RRCDAVCES
-1,CPEGQHLDPLLRRCMDCNRKCGKPYLPPRCTSYCES
-1,CHQGQYWDHLLRKCMSCQTQCAQPYRPEKCNSFCVA
-1,CPKNDYYDELLEECQPCSMRC--ISPPNICTTYCTS
-1,CGRNSYYDGLVEMCKPCYLRC-SNSPPVSCTSYC--
-1,CFQNHYYDILIQSCKPCLLRC-RASPPPPCQSYC--
-1,CAKNYYYDGLLEECQPCSIRC--NSPPNICSAYCTS
-1,CGRNSYYDGLVEMCKPCYLRC-SNSPPVSCTSYC--
-1,CSPNDYYDKLMETCKPCYLRCSK-APPSVCLTYCK-
-1,CLPGQYWDSLVKECMNCSKICQQAHISSRCTSYCE-
-1,CTDQEYWDTLVSQCIPCSLVCSRPTT-RRCDAMCES
-1,CPDREYWDRLVRKCMPCKNMCRGQPQPEKCVPIC--
-1,CTDQEYWDNLVSRCMPCSLMCSRPTT-RRCDAVCES
-1,CTDQQYWDSLVCQCIPCSVVCGQPA-ARRCAALCES
-1,CTDQEYWDTLVSQCIPCSLVCGRPT-ARRCDAVCES
-1,CTDQQYWDTLVCQCIPCSLVCGRST-VRRCAAMCES
-1,CHDDQYWDALVKECLYCHKACQQSHVNTRCTSYCES
-1,CTDQEYWDTLVSQCIPCSLAC-SQAPAGRCDAVCES
-1,CTDQEYWDSLVSQCIPCSLAC-SQAPAGRCDAVCES
-1,CTDQEYWDSLVFQCIPCSLAC-SQSQTRRCDAVCES
-1,CTDQEYWDSLVSQCIPCSLAC-RQSPAGRCDAVCES
-1,CTDQEYWDNLVSQCIPCSLAC-SQSQSRRCDAVCES
-1,CTDLEYWDTLVSQCIPCSLAC-RQSPARRCDAVCES
-1,CPKGQYWDSLSKTCISCAVTCSQRSQ-RTCTDFCK-
-1,CTDQEYWDNLVSQCIPCSLVC-SQSQTRRCDAVCES
-1,CSPNDYYDKLMETCKPCYLRCSK-APPSVCLTYCK-
-1,CAKNYYYDGLLEECQPCSIRC--NSPPNICKTFCTS
-1,CPKNEYFDNLLLSCTPCHLWCSS-APPPSCENSCE-
-1,CPKNEYFDNLLLSCTPCSLWCSS-APPSSCENYCE-
-1,CAKNYYYDGLLEECQPCSIRC--NSPPNICKTFCTS
-1,CAKNYYYDGLLEECQPCSIRC--NSPPNICSTYCTS
-1,CSEGYFWDRLVRKCLTCQMVCQQPNRHLRCIEYCVS
-1,CTDQEYWDALVFQCIPCSLVCGWPT-ARRCDAVCES
-1,CSDQQYWDVLVRQCIPCSLVCGRHT-VRRCAALCE-
-1,CPEGQFWDALLKLCINCQSVCQEQQVISKCISYCES
-1,CTDQEYWDTLVSQCIPCSLACG-QSLARRCDAVCES
-1,CSEQQYWDSLVCRCIPCSLVCGRPAGP-RCAALCVS
-1,CKEGEHLDGLTRQCIPCRMVCQLSHVIPRCASYCES
-1,CPEGEYEDALVKRCLPCHMVCHQSQINSKCNNYCVS
-1,CKGGNYFDILIKMCMPCLKVCQQQHVVPKCASYC--
-1,CAKNYYYDGLLEECQPCSIRC--NSPPNICKRFCTS
-1,CAQNDFYDGLLEKCKPCYLRCSK-SPPDSCTAYCTS
-1,CPAHFYFDKLLRTCQHCLLMCHKTRPPAECRDTC--
-1,CAKNSYYDGLLEKCKPCYLRCSS-SPPISCTEYC--
-1,CTDQQYWDTLVGQCIPCSLVCGSST-VRRCAVLCES
-1,CTDQQYWDPLVCQCIPCSVICSQPT--ARCAALCGS
-1,CRPGYYWDALIRECIGCQAVCEPPQVVARCAGYCES
-1,CTEQQYWDNLLCQCISCRLACNSPSVE-RCTTFCVS
-1,CSDQQYWDSLVCRCIPCSLVCGRPAGP-RCAALCVS
-1,CSDQQYWDSLVKRCIPCSLVCG-RHAARTCAALCES
-1,CTDQEYWDSLVSQCIPCSLVCARPT-ARRCDAVCES
-1,CTDQEYWDSLVQQCIPCSLACSQP-QSRKCDAVCES
-1,CTDQQYWDALVCQCIPCSLICG-RSAVRRCAALCES
-1,CTDQEYWDSLVSQCIPCSLVCARPT-ARRCDAVCES
-1,CTDQEYWDSLVSQCIPCSLVCARP-PASRCDAVCES
-1,CTDQEYWDTLVSQCIPCSLVCSRPTT-RKCDAVCES
-1,CHTGQYWDALISRCMDCDIECQRQHVIPRCTSYCE-
-1,CGSNNYYDGLSEDCQPCSVRC--NSPPAICVTYCKS
-1,CGSNNYYDGLSEDCQPCSVRC--NSPPAICVTYCKS
-1,CLEEQYWDWLLHICVPCTVRCTGP-QHKSCDMFCKS
-1,CPEGQYLDMLVQKCVPCSMVCHEPDILKRCSEYC--
-1,CTDQEYWDPLVSQCIPCSLGCSQ--APARCDAVCES
-1,CTDQQYWDTLVCQCIPCRLVCGRPT-VRRCAALC--
-1,CTDQEYWDPLVSQCIPCSLGCSQ--APARCDAVCES
-1,CTSQQYWDSLVCQCMPCSLMCG-RAAVRRCAALCES
-1,CPAGLYWDTLVKSCVDCRMVCQHPHVVSRCISHCVS
-1,CPEEQYWNPLRHRCISCKLNCDHES-VSTCVAFCKS
-1,CTDQEYWDTLVSRCIPCSLVCGQPT-ARRCDAVCE-
-1,CTDQEYWDTLITQCIPCSLAC-SQSPSTRCDAVCEA
-1,CTDSQYWDRLLRQCMSCRTTCERQSQE-RCTEFCVS
-1,CPREHYWDPLAKTCISCTVTCSQRSQH-TCTDFCK-
-1,CLKNEYFDSLLNACISCYLRCFSIT-PAICENYCNS
-1,CGLGYYYDGLVEECKQCYLRC--NSPPRVCTTYC--
-1,CGLGYYYDGLVEECKQCYLRC--NSPPRVCTTYC--
-1,CGLGYYYDGLVEECKQCYLRC--NSPPRVCTTYC--
-1,CVEGQYMDRLLRECVSCSMICHDSSILKRCSEFCVA
-1,CPKGQFWDRLLEKCMSCGLACHPP-KFKGCADFCRS
-1,CSKNHYYDGLLEECQHCSIRC--KSPPNICKTFCSS
-1,CPQGQYLDMLVQKCMSCSMVCHKPVILTRCSEYC--
-1,CHTAQYWDALISRCMDCDIECQRPHVIPRCASYCE-
-1,CSKEQYWDALAKTCVSCSLTCSQRSQ-RTCTDFCK-
-1,CGDGQFWDALVRQCLPCERACDQPYRRVRCAEFCVS
-1,CTDHEYWDTLVSQCIPCSLACG-QSLARKCDAVCES
-1,CTDQEYWDTLVSQCIPCSLVCGRPT-ARRCDALCAS
-1,CTDQEYWDTLVSQCIPCSLVCPRP-PARKCDAVCES
-1,CRAGQYWDILIKRCIHCHTECQRPYIIPRCIIYCKS
-1,CTDRQYWDALVNQCIPCSVVCGRST-VRRCAALCES
-1,CPXERYWDPLLSTCISCKAICNCQSQ-LTCAAFC--
-1,CGLGYYYDGLVEECKQCYLRC--NSPPRVCTTYC--
-1,CPEGQYLDSLLRKCMSCSLVCHDIKIQNRCSEYCVA
-1,CGLGYYYDGLIEECKQCYLRC--NSPPRVCTTYC--
-1,CPVNHYYDGLSEECEPCELRC--NSPPATCTASC--
-1,CSPNEYFDFLLQTCKRCFLRCSK-APPPACRAYC--
-1,CSPNEYLDNLLQTCKHCFLRCSK-APPPACRAYC--
-1,CTDQQYWDKLLCQCTSCRLVCKGPTVE-RCTAFCAS
-1,CGEGQYMDRLVRECVSCSLVCHNNPVLTRCSEYCVS
-1,CPKKQYWDSLKRTCVSCVLTCSQRSQ-RTCTDFCK-
-1,CGEGQYMDRLVRKCVSCSLVCHDPVILTRCSEYCVA
-1,CTEQQYWDALVCQCIPCSLVCGRST-VKRCSALCES
-1,CTAQQYWDSLVCQCIPCSVVCGQPA-GRRCAALCES
-1,CTDQEYWDTLVFQCIPCSLTCSRP-QSSRCDAVCES
-1,CPEGQYRDLLVKTCIHCQVACQRTQVPTRCISYCAS
-1,CPEEQYWDPLLSTCISCKAIfnCQSQH---TCAAFC--
-1,CGVNSYYDGLIEDCQPCSIRC--KSPPSICVTYCKS
-1,CLQNTFYDGLVEKCMPCHLRCSK--PPSSCSAFC--
-1,CAKNSYYDGLLEECQHCSMRC--NSPPNICKTFCTS
-1,CQDSEYWDSLVRTCILCKDMCDQRIIKAKCAPVCEA
-1,CGINSYYDGLLEECQHCSIRC--QAPPSVCETYCKS
-1,CAKDSYYDGLLEKCKPCYLRCSS-SPPISCTEYC--
-1,CAPNQYYDGLTERCEPCMFRCS--SPPSVCTAYC--
-1,CPKEHDWDPLLTACISCKLICSRRSQ-NICADFCKS
-1,CPAGQYWDSLIKKCLHCNVMCQQPLVITKCTKYC--
-1,CTDQEYWDTLVSQCMPCSLMCG--RAIRRCDAVCES
-1,CKDVEYWDALTKECMHCQKVCQWARAFPRCSSYCES
-1,CAKNYYYDGLLEECQHCSIRC--NSPPNICKTFCTS
-1,CAKNYYYDGLLEECQHCSIRC--NSPPNICKTFCTS
-1,CAKNYYYDGLLEECQHCSIRC--NSPPNICKTFCTS
-1,CISSEYYDFLLQSCKSCHLRCAK-TPPLPCRSYCAA
-1,CAKNYYYDGLLEECQHCSIRC--NSPPITCKKFCTS
-1,CAKNYYYDGLLEECQHCSIRC--NSPPNICKTFCTS
-1,CAQNNFYDGLVEKCMPCYLRCSK--PPVSCTAYC--
-1,CGPGRYFDGLSEECEPCAPRCH--SPPRACAAAC--
-1,CHAGQHWDALIRECIGCQAECRQPQVIARCTSYCES
-1,CTDEQYWDVLVCRCIPCSLVCGRPT-ARRCAVLCEA
-1,CKEGEHFDGLTKSCIRCGMVCRQPLVIPRCASYCES
-1,CTEQQYWDNLLCQCISCRVACNRPSVE-RCTTFCVS
-1,CGSNSYFDGLTEDCMPCSIRC--KSPPAICVTYCK-
-1,CHEGWYWDALVKRCITCQQQCESPPIHARCTSYCES
-1,CSDTQFWDALLKKCVACQTVCRQQHIISRCSSYC--
-1,CAKNYYYDGLLEECQHCSIRC--NSPPIICKTFCTS
-1,CAKNYYYDGLLEECQHCSIRC--NSPPIICKTFCTS
-1,CAKNYYYDGLLEECQHCSIRC--NSPPIICKTFCTS
-1,CAKNYYYDGLLEECQHCSIRC--NSPPDICKTFCTS
-1,CGPGYYYDGLVEECKECFLRCS--SPPSICTAYC--
-1,CPAGQYRDGLLRRCMPCQVVCQHPHgHAGRCAEFC--
-1,CLEGQYMDRLLRNCMPCSKICHdSRQLVPRCSQYCVA
-1,CPEEHYWDFLLQKCTPCEYRCKRPN-HQNCDMFCKS
-1,CTEQQYWDNLLCQCISCRVACKRPSVE-RCTTFCAS
-1,CPKDQYWDSSRKSCVSCALTCSQRSQ-RTCTDFCKS
-1,CTDQEYWDTLVSQCIPCSLSC-RQSLARKCDAVCES
-1,CTDQEYWDNLVSQCMPCSLSC-RQSLARKCDAVCES
-1,CTDEQYWDILVCRCIPCSLVCGRPA-ARRCAVLCEA
-1,CTNQQYWDSLLCLCIPCTLMCRS-SAERRCKALCES
-1,CTSQQYWDSLLCQCIPCSFICG-RSAMRRCTALCES
-1,CTDQEYWDTLVAQCIPCSLAC-RQSLARKCDAVCES
-1,CSKAQYWDELLQSCKPCRLACH-ASKFKACADFCSS
-1,CPPNKYYDWMLFECEPCGTCCGGNTPEPGC------
-1,CTEQQYWDNLLCQCISCRVACNRPSVE-RCITFCAS
-1,CEPNNYYDGLTEDCEPCSSRC--KSPPSDCVTYCKS
-1,CLEGQYMDRLLRECVSCSMICHNSEMLTRCSEFCVA
-1,CLKEQYWDLLLHNCVPCKPLCNRPN-HKNCDMFCKS
-1,CTIQQYWDSLLCQCMPCSLMCG-RSAVWRCMALCES
-1,CTDQEYWDTLVSLCIPCSLACG-QSLARKCDAVCES
-1,CTNQQYWDSLLCVCIPCSLMCG-RSAVWRCTALCES
-1,CTEQQYWDKLLCQCISCGVTCNQPSVE-RCITFC--
-1,CSKEQYWDELLQSCKSCRLACHPP-KFKECLDFCSS
-1,CREGQFWDNLVRRCIGCQTICKDERVDPKCTSYCES
-1,CTEHQYWDVLLCQCIPCRFACNRRRVE-RCTAFCAS
-1,CTEQQYWDNLLCQCISCRVACNRPRVE-RCTTFCAS
-1,CPEGLYWDILVKECLHCRYECKRSHVIAKCTSYCE-
-1,CPKEQYWDELLWKCIPCRLACH-PLKVKGCADICAS
-1,CTDQQYGDTLVCQCIPCSLVCGRPT-VRRCAALCES
-1,CLKEEYWDRLLYECIPCTLVC-QTSKFKSCTEVCKS
-1,CAKNYYYDGLLEDCQHCSIRC--NSPPNVCNTFCTS
-1,CAKNYYYDGLLEDCQHCSIRC--NSPPNICNTFCTS
-1,CHGGQYFDQLTRACASCELRCSK--PPKACVAHCSA
-1,CAKNYYYDGLLEDCQHCSIRC--NSPPNICNTFCTS
-1,CPKDQYWDSSRKTCVSCALTCSQRSQ-RTCSDFCK-
-1,CGEGQYMDRLVLKCVSCSLVCHNSMIQPRCSEYCVA
-1,CLEGQNWDQLVKKCMSCRLQCQKPYAVSRCISYCES
-1,CPKEQYWDPLTKTCVSC-VSCSQRSQ-RTCTDFCK-
-1,CAPDYYYDGLVEECKHCSTRC--NSPPHICTTFCTS
-1,CPKEQYWDDLLQKCMPCMVACH-PLRVRTCTNICGS
-1,CTEQQYWDKLLCQCVSCRIACNQ----PRCTAFC--
-1,CPREQYWDSSRKTCVSCALTCSQRS-HRSCTDFCK-
-1,CSTQQYWDSLVCQCIPCSVVCG-RSAVRRCAAPCES
-1,CPEGQFKDSLLRKCAHCNLICQQKPVVNKCSSFCES
-1,CPEGEYRDPLVKSCLACRAVCMKPQIIPKCSRYCVS
-1,CAQGYYYDGLLDDCQHCSRRC--NSPPTVCATYC--
-1,CAQGYYYDGLLDDCQHCSRRC--NSPPTVCATYC--
-1,CHDGHHYDPLLRKCVECLKFCRQSYVPSKCASYCEA
-1,CRSGQYWDILIKRCMHCDTECKRKPIIPRCKTYCQS
-1,CLDSEYWDHLVKHCMDCHTACQYQPVISKCTNYCAS
-1,CPAGQYRDGLLRRCMPCQVVCQHPhghagrcvcgHHPSECASMCE-
-1,CAKNYYYDGLLEDCRHCSIRC--NSPPTICTTFC--
-1,CAKNYYYDGLLEDCRHCSIRC--NSPPTICTTYC--
-1,CRSGLFWDGLTRQCIGCQEDCKQPQVHASCASYCES
-1,CPKEQYWDSLTKTCVSC-ISCSQRSQ-RSCTDFCK-
-1,CAEDHYWDNLVKDCINCQIICHPGPVYGKCASYCEA
-1,CSKEQYWDGLLGNCVSCKFAC-QPLKLKGCADVCNS
-1,CPKEQYWDSSRKTCVSCTLTCGQRG-HRTCTDFCK-
-1,CRADQYWDTLIKKCLSCDVECRRPYVIPKCTSYCVS
-1,CPEDEYRDGLLRQCIPCKEMCDRYVR-KACITFCDS
-1,CHKEQgwYYDQLLRGCISCAPICGHH--PTPCAHFCES
-1,CGQGFYYDGLVEECQHCFHRC--TSPPRVCSKYC--
-1,CSGDEYFDSLLSACRSCSLRCSG-VPPTVCRAHC--
-1,CSGDEYFDSLLSACRSCSLRCSG-VPPSVCRAHC--
-1,CADGQFMDRLLIKCVSCDLRCAEPEPHKQCAEYCE-
-1,CLKEEYWDALLYECKACSLVC-QTSRIRSCTEVCKS
-1,CPKEQYWDSLTKSCVSCVP-CSQRNQ-RSCTEFCK-
-1,CPKEQYWDSLTKSCVSC-VSCSQRSQ-RSCTDFCK-
-1,------WYRLLNACKPCHLRC-PNTPPLICQRYCN-
-1,CPTSQYYDGLLQNCHSCRLRC--PKPPPVCVKF---
-1,CLKEEYWDLLVHSCVPCERLCHRPN-HKNCDMFCKS
-1,CSKEQYWDGLLGNCVPCKYAC-QPLKSQGCADVCSS
-1,CTDREYWDTLVSQCIPCSLACRRS--LARCDAVCES
-1,CKEGEHLDGLTKSCIPCRMVCQQPPAVPRCPVYCEA
-1,CLKEEYWDLLVHDCVPCEHLCRRPN-HRSCDMFCKS
-1,CCEGKHWDGLLKKCVECRLTCQETHMNSRCISYCKS
-1,CSNDQYWDGLLGNCVPCKMACH-PLKSQGCTDVCSS
-1,CSKNQYWDGLLGNCVSCKYAC-QPLKFQGCADVCSS
-1,CRAGQYRDALIRECIGCQAACKRPHVIARCKGYCES
-1,CRADQVWDALLTKCLDCHTTCKRPDVNPRCTSYCES
-1,CLKEEYWDLLVHNCVPCERLCHRPN-HKNCDVFCKS
-1,CPKNEYFDNLLLSCTPCHLRCSS-------------
-1,CREGQYLDMLVQKCVSCSMVCHKPLILTRCSQYC--
-1,CEEGQHLDRLLRKCVSCNLVCHDPVILTRCSEYCVA
-1,CHEDQFLDPLLKRCIRCNTVCKETHVHARCTSYCES
-1,CPKEQYWDSLTKTCISC-VSCSQRSQ-RSCTDLCK-
-1,---GFYYDSLLRECISCSSVCGQH--PTECQAFC--
-1,CMEGTFWDGLVQRCLPCEMVCQhantHTHAHARCSDYCAS
-1,--EGFYYDWLLRQCFSCVGICGQH--PRECNPFCK-
-1,CSEraGSYYDTLLRKCISCSDICGQH--PIQCASFCES
-1,CPEDKFPDILLKECIDCQTACKQRQVISRCISYCE-
-1,CLKDQYWDGLLGNCVSCKYAC-QPLKFQGCADVCNS
-1,CAKNSYFDQLTSACELCELRCSNlQSQPAACKGFtCNS
-1,--EGFYYDPLLGKCIDCKSVCGQH--PRECVPFC--
-1,CQENEYKDVLLKKCVSCKPQCKESYVIPRCTFYCE-
-1,--QGRYYDHLLRDCISCTPICGQH--PKQCEHFCES
-1,CQENEYKDSLLKKCVSCKSQCNRSYVTPRCTVYCE-
-1,---EKYWqlgttrENLLQSCKPCHLRCSSK-PPFSCQNYCN-
-1,CSKSFYYDELTIACKPCRLRCsSSKTRPTVCADYiCN-
-1,--QGRYYDQLLRDCISCASVCGRH--PRQCAFFCES
-1,CRGGSYLDALIKLCVPCWKVCQEQQVFPKCVSYCDS
-1,CAKDEFWDKLLQACVSCTVTCH-PRPFKGCASACSS
-1,--QGQYYDQLLRDCISCASICGHH--PTQCKHFCE-
-1,CSKEQYWDGLLGNCVSCEYAC-QPLKSQGCADVCSS
-1,--QGQYYDQLLRGCVSCAPICGHH--PAPCGLFCE-
-1,CSEraGSYYDTLLRKCISCSDVCGQH--PIQCVSFCES
-1,CLEDQFPDFLLNECIGCRTTCKQRQVIPRCTSYCE-
-1,--QGQYYDQLLRDCISCASICGQH--PKQCTYFCE-
-1,CSDSEYWDQLVRMCLSCERSCEHSQ--GRCVEFCAS
-1,CPKEQHWDALTKTCVSC-VSCSQRSQ-RTCTDFCK-
-1,CPREQHWDPLTKTCVSC-VSCSQRSQ-RTCPDFCK-
-1,--EGSYYDKLLRECIKCSTICGQH--PRECMPFC--
-1,-----YWDVLLRHCVSCESVCGQH--PRQCDTYCE-
-1,--EGSYYDQLLRQCVKCFSICGQH--PKQCAPFCRS
-1,CPTSQYYDELLQSCKACNLRCG--NLPPGCLNF---
-1,CSKSFYYDELIGACEPCKLRCNNlQTRPSVCQD----
-1,CEPNFYPDKLMENCQHCSKRC--NSPPPDCTTYC--
-1,--EGFYYDWLLRQCFRCVSLCGQH--PRECNPFCK-
-1,---GFYYDTLLRRCIDCSTICGQH--PRECLPFC--
-1,--PGRYYDPLLRDCVSCVSVCGQH--PKPCAHFCD-
-1,--PDKYYDLLLSDCVSCTSICGQH--PRQCADFCEA
-1,--QGKYYDHLLRDCISCAPICGQH--PKPCTYFCE-
-1,CKEGEHLDSLTRSCVPCRILCQQLPTSPSCAVYCEA
-1,CVEGQFLDRLLLKCVSCSVLCQDGTSIRRCSQFCE-
-1,--QGKYYDRLLKDCVSCTPICGQH--PKPCEYFCE-
-1,--PGHYYDKLLNKCIKCKEICG--THPPECASHC--
-1,--QGRYYDQLLRDCISCAPICGHH--PKQCTYFCE-
-1,--PGFYYDPLLKTCMSCAEVCG--RPPEQCTGYC--
-1,--QGRYYDQLLRDCVSCASICGRH--PRQCTHFCE-
-1,CRVDQYWDGLIKICMPCQVECrRKRNVNPKCNNWCK-
-1,--QGRYYDQLLRDCISCASICGRH--PPQCKYFCE-
-1,CKEGEHRDSLTRSCVPCRLLCRQLPTSPSCAVYCEA
-1,--PGHYYDKLLNKCIECKEICG--THPPECATHC--
-1,--QGKYYDHLLRDCISCISICGQH--PKQCAHFCE-
-1,--QGKYYDHLLRDCISCISTCGQH--PKQCAYFCES
-1,CSKSFYYDELIGGCEPCKLRCNNlQTRPSVCQ-----
-1,CRKASYYDGLTGACEPCGLRCNNlQSRPRMCEDY---
-1,CSKSFYYDELMGACEPCQLRCNNlQTRPSVCQD----
-1,--PGSYYDHLLNTCISCATICGQH--PKQCAHFCE-
-1,--EGFYYDRLLRQCFNCVSLCGQH--PRECNPFCK-
-1,--QGRYYDQLLRDCISCASICGRH--PRQCTYFCE-
-1,---GFYYDELLRTCISCTAICGQH--PRQCAPACEA
-1,CPKEpgkYYYDQLLRKCVSCITTCGQH--PKQCAHFCE-
-1,--QGQYYDQLLKNCVSCASICGRH--PTQCTDFC--
-1,--QGKYYDYLLRECISCASVCGQH--PKQCMYFCE-
-1,--EGFYYDDLLRNCNDCSTICGQH--PWQCVSFCES
-1,--EGSYYDQLLRECVKCFSICGQH--PKQCASFC--
-1,---GFYYDTFIRECVNCTTICGQH--PRECQPFCRS
-1,CPDDEFWDGLLRQCAKC-TNCGHNR-HSGCKTYCD-
-1,---GFYYDNLLRRCINCSAICGQH--PSQCLPFCDS
-1,CKEDEHLDGLTRSCQPCRLQCQKPLGVSKCDVYCKA
-1,CKEGEDLDNLTRSCTPCRILCQQPTAKPRCAVSCE-
-1,--PGQYYDRLLNKCIKCKEICGQHTP--ECSQHC--
-1,--EGSYYDQLLRECIKCFSICGQH--PKQCAPFC--
-1,--PGYYYDELLRRCINCSGICGQH--PSQCLQFCES
-1,--QGRYYDQLLRDCISCASVCGRH--PRQCTLFCE-
-1,--PGKYYDHLLNDCISCASICGQH--PKQCAYFCE-
-1,--PGRYYDYLLNDCISCASICGQH--PKQCAYFCE-
-1,CSDAEYWDGMVFKCEPCSRCCNYTGIAQDCLDACVA
-1,--PGKYYDHLLRDCISCISTCGQH--PQQCASFCE-
-1,---GFYYDNLLRNCVNCSAICGQH--PSQCLPFCDS
-1,---GFYYDELLKACIDCSIICGQH--PKECAPTCEA
-1,--PGFYYDELLRRCISCSGVCGQH--PSQCLQFCE-
-1,CGKEQgkYYDLLLRDCVSCISICGQH--PKQCAYFCE-
-1,CSDTQYWDKMNYQCQPCSRCCDFNAVAQDCLDACVA
-1,---GFYYDKLIRTCINCTTICGQH--PWECRHFCNS
-1,--QGRYYDLLLNECISCISICGQH--PKQCAYICES
-1,--EGSYYDQLLRNCISCASICGRH--PKQCTYFCE-
-1,CSEraGSYYDALLRKCISCFDICGRH--PIQCISFCES
-1,CSKEQYWDQLTQKCSPCRAVSCHPPKFKQCADICSS
-1,--QGRYYDLLLRDCISCASICGRH--PKQCTHYCE-
-1,--PGHYYDGLLKKCVSCSQVCGRH--PAECFQFCQS
-1,--QGRYYDRLLRDCISCASICGRH--PKQCTYFCE-
-1,--QGRYYDQLLKDCISCASICGRH--PKQCTHFCE-
-1,--PGRYYDHLLNDCVSCASTCGQH--PQQCAPFCE-
-1,---GKYYDQLLRECISCASVCGRH--PSQCKYFCE-
-1,--PGSYYDELLRKCINCSGICGQH--PIQCLPFCES
-1,--QGRYYDQLLRDCVSCASICGRH--PKQCTFFCE-
-1,--QGRYYDLLLRDCVSCASICGRH--PKQCTHYCE-
-1,--QGRYYDQLLNDCISCISICGQH--PRQCAYVCE-
-1,--DGFYYDELLRNCIDCTTVCGQH--PKQCAPSCES
-1,-----YYDTLLKQCIKCSATCGQH--PLQCAPFCQS
-1,CSDDEFWDKLLRQCGKC-TNCGHN-PHSMCKSYCE-
-1,--PGFYWDRLLRKCIKCADVCGQH--PQQCSEICN-
-1,--PGQYYDLLLKKCIKCKEICGQHTP--ECSQHC--
-1,--QGKYYDHLLRDCISCISICGQH--PKQCEYFCE-
-1,---GFYYDELLKACIDCSMVCGQH--PKQCAPTCE-
-1,--QGKYYDLLLRDCISCISICGQH--PKQCSYFCE-
-1,--PGRFYDMLLRKCVTCHEVCGGH--PPECSPHCQS
-1,--QGKYYDQLLGDCISCASICGRH--PKQCTHFCE-
-1,CTDLEYWDGMVFKCEPCSRCCNYTGIAKDCLDACVA
-1,CSNTQYWDEMNYQCQPCSRCCDFNAVAQDCQDAC--
-1,--EGRYYDQLLKDCISCASVCGRH--PKQCTYFCE-
-1,CPKEpgkYYYDHLLRKCVSCVSTCGQH--PKQCTYFCE-
-1,CKEGEHPDSLTRSCVPCRILCRKLPTSPSCAVYCEA
-1,--QGKYYDHLLRKCVSCASVCGQH--PMQCTYFCE-
-1,--PGFYYDELLKNCISCSTVCGQH--PKQCAASCE-
-1,--QDKYYDHLLGACVSCDSTCSQH--PLQCAQFCE-
-1,--QGWYYDQLLRDCISCTSICGRH--PKQCTYFCE-
-1,--PGHYYDGLLRKCVQCSEVCGRH--PAECSTHC--
-1,--PGKYYDYLLNDCISCTSICGQHT--KQCAYFCE-
-1,---GFFYDSLLRKCINCSSICGQH--PIECLPFCRS
-1,--QGRFYDHLLRDCISCASICGQH--PKQCAYFCE-
-1,--QGRFYDHLLRRCVSCASICGQH--PKQCAYFCE-
-1,---GKYYDHLLGVCMSCNSTCTQH--PLQCAHFCE-
-1,--EGFYYDELLKECIDCSTLCGQH--PKQCAPSCEA
-1,--QGKYYDQLLGACVNCDSTCSQH--PQQCAHFCE-
-1,CSDDEFWDSLLRRCAKC-TNCGHN-WHSACKTYCES
-1,---GFYYDELLKECMDCRALCGQH--PPQCAPTCQA
-1,--PGFYYDELLKECINCTTVCGQH--PKQCAASCEA
-1,--QGKYYDHLLGGCVSCDSTC--PQHPLQCAHFCE-
-1,-SDGFYYDKLLKKCINCTTVCGQH--PKQCAPSCES
-1,--QGSYYDHLVKECISCYSICGQH--PKQCAHICQS
-1,---GFYYDKLLNNCINCTMVCGQH--PKQCAPSCEA
-1,--PGFYYDDLLKNCIKCSLVCGQH--PKECAPSCE-
-1,---GFYYDELLKECIDCSMVCGQ--PPKQCVLSCE-
-1,--DGFYYDKLLRNCINCTAVCGQH--PKQCARACEA
-1,CSDEEFWDRLLRRCAKC-TNCGHN-WKSACKTYCES
-1,--DTQFWDALLKKCVACQTVCRQQHIISRLLARCKA
-1,--QGRYYDHLLGACISCDSTCTQH--PQQCAHFCE-
-1,CKEGEQLDALTRSCVPCRILCQQLPASPSCAVYCE-
-1,---GFYYDELLKKCISCATVCGQH--PKQCAPACEA
-1,CKEGEQRDILTRSCVPCRMLCQQLPASPSCAIYCE-
-1,--DGFYYDELLRKCINCTAVCGQH--PKQCARACEA
-1,---GFYFDELLKQCIACSSVCGQH--PKQCAPTCE-
-1,CAEGQYRDALV-GCMDCLGTCQKSLVISRCRSFCEA
-1,--PGHYYDGLLKKCVRCAEVCAG--PPPECSHHC--
-1,---GFYWDKLLRKCIKCSDVCGQH--PQQCSEVC--
-1,--PGRYYDQLLRECISCASICGRH--PKQCTYICE-
-1,--QGRFYDQLLRHCVSCASICGQH--PKQCAYFCE-
-1,CPEGTYYDPLTRNCDPCRDICylaKIQGTAKKCQQLCPS
-1,----HYYDGLLKKCVSCADICGRH--PAECSPHCN-
-1,--PGFYYDDLVKNCIKCSSVCGQH--PRECAPSCE-
-1,--PGHYYDGLLRKCLMCTEICGRH--PAECWEHCRS
-1,---GFYYDKLLTSCINCLDICGQH--PSQCLPFCE-
-1,--PGFYYDELLKNCIKCSTVCGQH--PKECASSCE-
-1,--QGKYYDHLLGTCVSCDSTCTQH--PQQCAQFCE-
-1,--QGKYYDHLLGACVSCDSTCTQH--PQQCAHFCE-
-1,---GFYWDKLLRNCIKCSDVCGQH--PQQCSEIC--
-1,--PGHYYDGLLKKCMRCAEVCGRH--PAECSQHCK-
-1,---GFYYDELLKECIDCTMVCGQH--PKQCVPSCE-
-1,--PGHYYDGLLKRCLRCADVCGGH--PAECSHYC--
-1,---GFYYDELLKKCINCTTICGQH--PRQCAPTCE-
-1,--PGFYYDDLVKTCIRCSSVCGQH--PRECAPSCE-
-1,--PGFYYDELVKRCIKCSTVCGQH--PKECASSCEA
-1,--PGHYYDRLLKQCIKCAEICGRH--PPQCSQHC--
-1,--PGHYYDSLLKNCIKCADICGKH--PAECSQLCSA
-1,---GFYYDELVKKCISCSMVCGQH--PKQCDAAC--
-1,---GFYYDELLKKCINCTMVCGQH--PKQCASSCE-
-1,CSDDEFWDQLLRKCSQCTNHCG-EHVKVMCRAYCE-
-1,--PGFYYDDLVKNCIQCSSVCGQH--PRECALSCE-
-1,CSDSEYWDQLVRMCLSCERSCEHSQASLHCRA----
-1,-SPGNFYDPLLKQCMQCAELCGSH--PVECAQACKA
-1,--PGHYYDRLVRRCMKCADICGKH--PAECSPHC--
-1,--PGFYYDDLVRSCIECSTICGQH--PKECAPSCE-
-1,---GFYYDELLKLCINCSMICGQH--PKQCAPTCE-
-1,--QGKYYDHLLGGCVSCDSTCTQH--PQQCAQYCE-
-1,--PGFYYDELVRSCIECSTVCGQH--PKECAPSCE-
-1,--PGFYYDELLKDCIKCSLVCGQH--PKECALSCE-
-1,---GFYYDKLLNRCINCSTLCGQH--PKQCAPTCEA
-1,---GFYYDKLLKECINCTAICGQH--PNQCAPTCE-
-1,---GSYYDELLKKCISCSTVCGQH--PKQCAPSCEA
-1,--PGHYFDRLVKKCVRCAEICGRH--PAECSQYC--
-1,--QGRYYDQLLKDCISCASICGRH--PMQCTYFCD-
-1,---GFYYDELLKECIDCRTLCGQH--PRQCAPACD-
-1,--PGHYYDGLLKKCVKCDEVCGG--PPAECSQHC--
-1,---GKYYDHLLGVCMSCDSTCTQH--PQQCAHFCE-
-1,--PGHYYDGLLKRCVRCAEVCDG--PPAECTQHC--
-1,--PGFYYDKLLKNCINCSTVCGQH--PKQCVPSCEA
-1,--PGFYYDDLVRSCIKCSSVCGQH--PKECALTCE-
-1,--PGHYYDKLLNKCIACKDICG--THPPECNVQC--
-1,CSKERgsYYDHLVKECISCYSICGQH--PKQCAHIC--
-1,--KGSYYDHLVQECISCYSICGQH--PKQCAHICQA
-1,--PGFYYDKLVRSCIECSTVCGQH--PKECAPSCD-
-1,---GFYYDELLKECINCTALCGQH--PKQCAASCEA
-1,---GFYYDKLLKECINCTAICGQH--PSQCAPSCE-
-1,--PGFYYDELVKSCIKCSLVCGQH--PKECALSCE-
-1,--PGFYYDDLVKTCIKCSSVCGQH--PRECALSCE-
-1,--PGFYYDDLVKNCIKCSSVCGQH--PRECALACE-
-1,--PGFYYDELVKKCIKCSSVCGQH--PKECAPSCE-
-1,--DGFYYDELLKKCINCTTVCGQH--PKQCAPSCEA
-1,---GFYYDKLLLDCIDCSGVCGQH--PKECEPFC--
-1,---GFYYDELVRNCVNCSRVCGQH--PKQCAPTCES
-1,---GFYYDELLKTCIDCTTVCGQH--PKQCAPSCE-
-1,CQEGRYYDDVTQHCDDCMPHCDRAplfQPPTSCTAYCK-
-1,CAKDEFLDELLQKCVSCNVTCH-PRPFQGCADACSS
-1,---GFYYDELLKQCIACSTVCGQH--PKQCAPSCE-
-1,---GFYWDKLLRKCIKCSDICGQHLQ--QCAEIC--
-1,--PGFYYDRLLKNCINCSTVCGQH--PKQCIPSCEA
-1,--PGFYYDELVKNCVKCSSVCGQH--PRECALSCE-
-1,--QGTYYDHLLGTCVNCASTCGQH--PWQCAHFCK-
-1,--DGHYHDGLLKKCLSCAEVCGRH--PPECSKHC--
-1,--PGFYYDDLVKNCIKCSLVCGQH--PKECALSCE-
-1,---GFYYDELLKKCINCSTVCGQH--PKPCAPSCE-
-1,--PGHYYDVLLKKCMRCTEICGKH--PAECSQHCQS
-1,--PGHFYDSLLKKCMSCADVCGSH--PAECSHLC--
-1,--PGHYYDRLVRRCIKCAEICGKHA--AECSPYC--
-1,--PGHYYDRLVRRCIKCAEICGKH--PAECNPHC--
-1,---GFYYDELLKKCINCATVCGQH--PKQCASSCEA
-1,--DGFYYDELLKTCIDCTSVCGQH--PKQCALSCE-
-1,---GFYYDELLKNCINCTTVCGQH--PKQCASSCEA
-1,---GFYYDKLLEKCINCATVCRQH--PKQCASSCEA
-1,---GFYYDELLKNCINCTTVCGQH--PKQCAPACEA
-1,---GFYYDELVRNCINCSTVCGQH--PKQCAPTCE-
-1,---GFYYDDLLKSCIKCSLVCGQH--PKECALSCE-
-1,--PGFYYDSLVKNCIKCSSVCGQH--PKECALSCE-
-1,--PGHYYDRLVRRCIKCAEICGNH--PAECSKHC--
-1,-----YWDKLLRKCVKCSDVCGQH--PQQCSNIC--
-1,---GQFYDTLLKKCLQCSELCGSH--PEACADACRS
-1,--QGRFYDHLLRRCVSCASICGQH--PKQCAFLCE-
-1,---GSYYDELLKKCINCTTVCGQH--PKQCAPSCES
-1,---GFYYDKLLEKCINCTTICGQH--PKQCAPSCE-
-1,--PGHHYDRLLQTCVSCTKICGRH--PAECAPHCE-
-1,---GQFYDRLLKKCLKCSVLCGSH--PSACSDACKS
-1,--PGFYYDDLVKNCIKCSAVCGQH--PKECAPSCE-
-1,---GFYYDKLLKECINCTAVCGQH--PNQCAPSCE-
-1,--PGFYYDDLLKNCIKCSSVCGQH--PKECALSCE-
-1,---GFYYDKLLKKCINCTMVCGQH--PKQCALSCE-
-1,--PGFYYDDLVKSCIKCSTVCGQH--PKECAPSCE-
-1,--EGFYYDKLVKKCINCTTVCGQH--PKQCAPSCE-
-1,---GFYYDELLKTCIDCTTVCGQH--PKQCASSCD-
-1,--PGFYYDELLKKCINCSTVCGQH--PKQCDATC--
-1,--PGFYYDDLVRNCIKCSSVCGQH--PKECALSCE-
-1,---GHYYDRLLKICVRCAKICGSH--PPECSQHC--
-1,--PGTYYDELIKNCMSCSEVCGGPAPqcPETCRKlhLCNS
-1,---GFYYDELVKSCINCSTICGQH--PKQCASACE-
-1,---GFYYDELLKNCINCSTICGQH--PKQCAPSCE-
-1,--PGHYYDGLLKKCVKCAEVCGRH--PAQCSDHC--
-1,---GQYYDRLLKQCLRCAEVCGSH--PSECSHHC--
-1,CEQGWLWDpasksstgiPLLGNCMSCKAMCNHQSQ-RTCAASCRS
-1,CTRSEYWDEKARACKPCHTRC---------------
-1,CPNSQYYDSFQFKCMPCDIKCKSCNPlnPSECLT-CN-
-1,---GSYYDMLLRKCISCAEVCGQH--PVQCGAACQA
-1,---GQFYDTLLKKCLKCSELCGSH--PAACADACRS
-1,---GQFYDTLLKKCLQCSELCGSH--PAACADACTS
-1,CPEDRYYDDVTLNCDLCSPHCDRipaEVPPDQCRDYC--
-1,CAKDEFLDELLQECVACNVTCH-PRPFQGCADACSS
-1,---GFYYDELLRNCIDCSTLCGKH--PKQCAPSCE-
-1,--PGFYYDELVKSCIKCSTVCGQH--PKECAPSCD-
-1,---GQFYDTLLKKCFKCSELCGSH--PSACSEACKS
-1,---GHYYDMLLKKCVRCAEVCGGH--PAECSQHCHS
-1,--PGFYYDELVKNCIRCSSVCGQH--PKECVPSCE-
-1,--PGFYYDELVKTCIECSTVCGQH--PKECALSCE-
-1,--PGFYYDELVKGCIKCSSVCGQH--PKECALSCE-
-1,--PGQYYDRLLKKCLTCAVVCGNH--PSECSHQCQA
-1,---GHYYDILLKKCVKCAEICGRH--PAECSQHCQS
-1,--PGFYYDDLVKTCIECSSVCGQH--PKECALSCE-
-1,--PGFYYDELVKSCIECSSVCGQH--PKECALSCE-
-1,--PGHYYDVLLKTCMRCAEVCGKH--PAECSGHC--
-1,--PGHYYDLLLKKCMRCSDICGRH--PAECSQHC--
-1,----HYYDPLLKKCISCTKICGRH--PADCSQHC--
-1,CAPSEYWDAEAHECKPCHPKC---------------
-1,CATIEYWDEAVHRCKPCHQRCSDCTGP---------
-1,---GFYYDKLLRDCIDCSGVCGQH--PKECDPSC--
-1,--PGFYYDDLVKRCIRCSSVCGQH--PQECAPSCE-
-1,----HFYDQLLKKCLSCALVCG--THPRECVTQCHA
-1,---GSYYDRLLKRCMSCTELCGSH--PAECAHAC--
-1,---GFYYDELVKNCINCTTVCGQH--PKQCAPSCEA
-1,---GQFYDTLLKKCLRCSELCGSH--PAPCADACRS
-1,--PGFYYDDLVKSCIKCSSVCGQH--PKECALSCE-
-1,---GFYYDELLKQCINCTTVCGQH--PKQCLSSCE-
-1,---GFYYDELLKRCINCATVCGQH--PKQCAPSCE-
-1,---GFYYDKLLKKCINCATICGQH--PKQCDPSCE-
-1,--PGFYYDDLVKNCIKCSSVCGQH--PKECALTCD-
-1,---GHYYDALLKTCVRCTKICGSH--PAECSQHC--
-1,--PGHYYDGLLKKCVRCDEVCGRH--PAECSQHC--
-1,--PGFHYDRLLRQCFNCSDLCGQH--PRQCSSTCN-
-1,--PGHYFDRLLKKCIKCTDICGRHT--AECSQHC--
-1,---GHYYDALLKICVKCSKICGSH--PAECSQHC--
-1,---GHFYDQLLKKCFSCGQVCGSH--PPECVTECQA
-1,---GFYYDELLKKCINCTTVCGQH--PKQCVLSCES
-1,CSKDQYWDGLLGNCVSCaSPIC---------------
-1,---GFYYDKLLKKCINCTTICGQH--PKQCALSCE-
-1,--QDKYYDHLLGVCINCDSTCTQH--PQQCAQFCE-
-1,--QGKYYDHLLGVCVRCDATCTQH--PQQCAQFCE-
-1,--PGFYYDELVKNCIKCSSVCGQH--PKECVLSCE-
-1,--PGRFYDRLLKKCMSCTDVCGRH--PAECSQHCQA
-1,--PGHYFDRLVKRCVRCAEICGRH--PAECSQHC--
-1,--PGHYFDRLVKKCVRCAKICGRH--PAECSQHC--
-1,--PGHYFDGLLKKCIRCTEVCGRH--PAECSQDC--
-1,--PGQYYDRLLKKCLRCAVVCGSH--PSECSHQC--
-1,CAGSEYWDVEAHECQPCHTKCSHCSGP---------
-1,CPPSEYWDAEALGCKPCHTKC---------------
-1,CTQAEYWDEEAHACKPCHIKC---------------
-1,CPLSEYWDAEVLGCKPCHTKC---------------
-1,CPEGTYYEKMTKVCKDCHKSCQTCSPSGTCMT----
-1,-----FYDELLRRCIPCSQLCGQH--PTQCRALC--
-1,--PGQYYDRLLKMCLRCAAVCGSH--PSECSHQC--
-1,---GFYYDELVKECINCTTLCGQH--PKQCAPSCE-
-1,---GQFYDRLLKKCLNCSEICGSH--PSACRHACK-
-1,--PGQFYDRLLKKCMRCAVVCGSH--PSECEDQC--
-1,---GFYYDKLLRKCIDCSTICRQH--PKQCPLSCE-
-1,--PGHYYDGLLMKCVKCGDVCGRH--PAECFLHCHA
-1,---GFYYDKLLKKCINCATVCGQH--PKQCDPSCGS
-1,--PGHYYDKLLNKCIECKEICGTHPPESFNQKIC--
-1,--PGFYYDDLVKNCIECSSVCGQH--PKECALSCD-
-1,--PGHYYDLLLKKCVKCADVCGSH--PAECSLHC--
-1,CASHEYWDGAL-GCKPCHAKCSHCTGP---------
-1,CASHEYWDGAL-GCKPCHAKCSHCTGP---------
-1,--PGQFYDRLLKKCFKCSDLCGHH--PLECSPVC--
-1,--DGHFYDTLLKQXLQCSKVCGHH--PSECASMCE-
-1,---GFYYDNLLSNCINCSHVCGQH--PKKCSLICE-
-1,--PGHYFDRLVKKCVRCAEVCGKH--PAQCSQHC--
-1,--PGHYYDLLLKKCVRCAKVCGRH--PAECSQLC--
-1,--PGQYYDRLLKKCLRCAAVCGNH--PSECSNQC--
-1,---GFYYDELVKKCINCSTVCGQH--PKQCDAAC--
-1,---GFYYDELLKKCINCATVCGQH--PKQCDTAC--
-1,CSHAEYWDEEARSCQPCHSKCVHCTGP---------
-1,CAANEYWDEETRECKTCHTKCYRCTGP---------
-1,CSQNEYFDSLLHACIPCQLRCSSNTPPLTCQRYCNA
-1,CSQNEYFDSLLHACIPCQLRCSSNTPPLTCQRYCNA
-1,CRGGQYWDGLLKGCIGCQTQCNKPHVIPKCTSYCES
-1,CFQNEYFDSLLRACKPCHLRCSK-SPPPPCQRYCSA
-1,CSEGHFWDGLVRKCLTCQMVCQQPHHHLRCIEYCAS
-1,CPEEQYWDPLLGTCMSCKTICNHQSQ-RTCAAFC--
-1,CPEEQYWDNLLSSCVSCKPACGHRSQ-RTCAAFCKS
-1,CPEEQYWDPLLGTCMSCKAICNHQSQ-RTCATFCRS
-1,CPEEQYWDPLLGTCMSCKAICNHQSQ-RTCATFCRS
-1,CFQEEYFDSLLRACKPCHLRCSK-FPPPPCQRYCNA
-1,CPEEQYWDSLLNTCVSCKPICSSQ-IPRTCAAFCKS
-1,CPEEQFWDPLLNTCVSCKPMCSHRSQ-RTCAAFCKS
-1,CHEGHFWDGLVRKCLTCQMVCQQPHHHLRCIEYCVS
-1,CPEEQYWDPLLGTCMSCKTICHHQSQ-RTCAAFCRS
-1,CPEEQYWDPLVRTCISCKPTCSHRNQH-TCTAFCKS
-1,CSQNEYFDSLLHDCKPCQLRCSS-TPPLTCQRYCNA
-1,CPEEQYWDPLLSTCISCKPICSHRSQ-RTCAAFC--
-1,CPEEQYWDDLLNRCISCKSACSHRSQ-RTCAAFCKS
-1,CPEEEYWDPLLRCCVPCRSTCNRPN-PKSCATFCES
-1,CPEEQYWDNLLSSCISCKSACSNRSQH-TCAAFCKS
-1,CFQNEYLDNLLHACKPCHLRCS-NTPPLVCQSYCNA
-1,CFQNEYFDGLLYACKPCHLRCS-NTPPLSCQRYCNA
-1,CPEEQYWDPLLGTCMSCKTICNHQSQ-RTCAASC--
-1,CFQNEYFDNLLGTCKPCHLRCSK-APPVTCQRYCNA
-1,CFQNEYFDSLLHTCKPCQLRCA-NTPPLICQQYCNA
-1,CPQHEYFDRLLNACKPCHLRCS-NTPPLICQRYCN-
-1,CFQNEYFDSLLHVCKPCHLRCS--TPPVPCQRYCN-
-1,CFQNEYFDNLLYACKPCHLRCS-NTPPLVCQSYC--
-1,CSEGYFWDRLVRKCLTCQMVCQQPHRHLRCIEYCVS
-1,CPEELYWDSLLNTCVSCKPTCSSQ-IPRTCAAFCKS
-1,CLQNEYFDRLLNACKRCQLRCS-NTPPLTCQRYCNA
-1,CTDQQYWDTLVCQCIPCSLVCGRPT-VRRCAALCES
-1,CTDEQYWDSLVCQCIPCSLVCGRPT-VQRCAALCES
-1,CPEEQYWDPLLNVCLSCKPTCSHQ-ASRTCAAFCKS
-1,CPEEKYWDSLLNGCMSCRPICAQR-RPSTCTAFCKS
-1,CIQNEYFDRLLTACKPCHLRCS-NTPPPPCQHYCDA
-1,CPEEQYWAALLGTCMSCKAICNHQSQ-RTCAASC--
-1,CFKNEYFDSLLQSCIPCHLRCSS-KPPFSCQSYCN-
-1,CFQNEYFDSLLQACKPCHLRCS--NAPPICQRYCNA
-1,CFQNEYFDRLLNVCKPCHLRC-LNTPPSPCQRYCSA
-1,CKEGEDLDNLTRSCTPCRILCQQPTAKPRCAVSCE-
-1,CTDQEYWDTLVYQCIPCSLVCSRPT-VRRCAALCES
-1,CFKNEYFDNLLQACKPCHLRCPK-SPPLVCQSYC--
-1,CPKNEYFDNLLLSCKPCHLRCSS-APPPSCESYC--
-1,CTNQQYWDSLLCTCIPCSLMCGR-SAVRRCTALCES
-1,CPEEQYWDPLLTTCVSCRLTCSLRSQ-RICTTFCKS
-1,CTDQQYWDMLVCQCIPCSLACGRHS-VRRCAALCES
-1,CFHXEYFDSLLHACKPCHLRCS--NPPVPCQPYCN-
-1,CPEEQYWDPLLSTCISCKAIFNCQSQH-TCAAFC--
-1,CLTNEYFDSLLQSCQSCLLRCTK-TPPIPCRSYC--
-1,CPKEHDWDPLLTACISCKLICSRRSQNI-CADFCKS
-1,CLTNEYYDSLLQSCQSCLLRCTK-TPPIPCRSYC--
-1,CLTNEYYDSLLQSCQSCLLRCTK-TPPIPCRSYC--
-1,CSPNEYFDRLLNSCISCQLRC-PNTPPVICQHYCN-
-1,CPKKQYWDSLKRTCVSCVLTCSQRSQ-RTCTDFCK-
-1,CTDQQYWDTLVGQCIPCSLVCGS-STVRRCAVLCES
-1,CTDQQYGDTLVCQCIPCSLVCGRPT-VRRCAALCES
-1,CLQSEYFDNLLYVCKPCHLRCSK-APPAPCQQFCNA
-1,CVPNEYFDRLLNACKPCLLRC-PNTPPLVCERYCDA
-1,CLKEQYWDLLLHNCVPCKPLCNRPN-HKNCDMFCKS
-1,CTDEQYWDTLVYQCIPCSAVCGWPT-VRRCAALC--
-1,CFPNEYFDSLLSACKACDLRCS-GTPPQTCQRHCNS
-1,CPKDQYWDSSRKSCVSCALTCSQRSQ-RTCTDFCK-
-1,CPKDQYWDSSRKSCVSCALTCSQRSQ-RTCTDFCK-
-1,CPKEQYWDPLTKTCVSCVS-CSQRSQ-RTCTDFCK-
-1,CPEEHYWDFLLQKCTPCEYRCKRPN-HQNCDMFCKS
-1,CPKGQFWDRLLEKCMSCGLAC-HPPKFKGCADFCRS
-1,--QGKFYDHLLRDCISCASICGQ--HPKQCAYFCE-
-1,CPKEQYWDSLTKSCVSCVP-CSQRNQ-RSCTEFCK-
-1,--QGKYYDHLLRDCISCISTCGQ--HPKQCAYFCE-
-1,CPDREYWDRLVRKCMPCKNMCRGQPQPEKCVPIC--
-1,--QGRFYDHLLRDCISCASICGQ--HPKQCAYFCE-
-1,--QGKFYDHLLRDCISCASICGQ--HPKQCAYFCE-
-1,--QGRFYDHLLRDCISCASICGQ--HPKQCAYFCE-
-1,CTDQQYWDKLLCQCTSCRLVC-KGSTVERCTAFCAS
-1,CGRNSYYDGLVEMCKPCYLRCS-NSPPVSCTSYC--
-1,--QGKYYDHLLRDCISCISICGQ--HPKQCAHFCE-
-1,--QGKYYDHLLRDCISCISICGQ--HPKQCAHFCE-
-1,--QGKYYDHLLRDCISCISICGQ--HPKQCAHFCE-
-1,CTDQEYWDTLVSQCIPCSLACGQ-SLARKCDAVCES
-1,--QGKYYDRLLKDCVSCTPICGQ--HPKPCEYFCE-
-1,---GSYYDHLLNTCISCATICGQ--HPKQCAHFCE-
-1,CKEGEHPDSLTRSCVPCRILCRKLPTSPSCAVYCEA
-1,--QGKYYDLLLRDCISCISICGQ--HPKQCSYFCE-
-1,--QGRYYDLLLRDCVSCASICGR--HPKQCTHYCE-
-1,--QGRYYDLLLRDCVSCASICGR--HPKQCTHYCE-
-1,--QGRFYDHLLRRCVSCASICGQ--HPKQCAFFCE-
-1,---GRYYDPLLRDCVSCVSVCGQ--HPKPCAHFC--
-1,CSEraGSYYDALLRKCISCFDICGR--HPIQCISFCES
-1,--QGRYYDQLLKDCISCASICGR--HPKQCTHFCE-
-1,CPEDEYRDGLLRQCIPCKEMCDR-YVRKACITFCDS
-1,CGLGYYYDGLVEECKQCYLRC--NSPPRVCTTYC--
-1,CGLGYYYDGLVEECKQCYLRC--NSPPRVCTTYC--
-1,CSPNDYYDKLMETCKPCYLRCSK-APPSVCLTYCK-
-1,--QGKYYDHLLGTCVSCDSTCTQ--HPQQCAQFCE-
-1,--QGRYYDHLLGACVSCDSTCTQ--HPQQCAHFCE-
-1,---GFYYDELLKSCISCSTVCGQ--HPKQCAASCE-
-1,--QGSYYDHLVKDCISCYSICGQ--HPKQCAHICQS
-1,--QGVYYDTLLRQCIKCSATCGQ--HPLQCAPFC--
-1,---GSYYDELLKKCINCTTVCGQ--HPKQCAPSCES
-1,--QGKYYDHLLGVCVRCDATCTQ--HPQQCAQFCE-
-1,---GSYYDHLVKECISCYSICGQ--HPKQCAHIC--
-1,--DGFYYDKLLRNCINCTAVCGQ--HPKQCARACE-
-1,---GFYYDKLLKKCINCTTICGQ--HPKQCALSCE-
-1,---GFYYDDLVKNCIKCSSVCGQ--HPRECALSCE-
-1,--QGKYYDHLLGGCVSCDSTCTQ--HPQQCAHF---
-1,---GFYYDELLKNCINCTTVCGQ--HPKQCAPSCE-
-1,---GFYYDELVRNCVNCSRVCGQ--HPKQCAPTCES
-1,---GQYYDRLLKKCLTCAVVCG--NHPSECSRQCK-
-1,---GHYYDRLLKICVRCAKICG--SHPPECSQHC--