prediction_name,prediction_name_sanitized,binder_name,binder_seq,target_name,target_seq,msa_path,yaml_path
BCMA_all_wildtype__BCMA,BCMA_all_wildtype__BCMA,BCMA_all_wildtype,SMEEYQKKMSEFANEITEEAMKDPEKYKEVSWMLNTEEGRYKLKEIVEKKIKES,BCMA,CSQNEYFDSLLHACIPCQLRCSSNTPPLTCQRYCNA,examples/03_lead_mutagenesis_boltz_refolded/predictions/colabsearch_output/BCMA_all_wildtype__BCMA.a3m,examples/03_lead_mutagenesis_boltz_refolded/predictions/boltz_inputs/input_yamls/BCMA_all_wildtype__BCMA.yaml
BCMA_all_0001__BCMA,BCMA_all_0001__BCMA,BCMA_all_0001,SSLAELKLLSKYAEKIFNEALKDPKLFEEVSKMLNTEKGRLELLEKVQEMIKKE,BCMA,CSQNEYFDSLLHACIPCQLRCSSNTPPLTCQRYCNA,examples/03_lead_mutagenesis_boltz_refolded/predictions/colabsearch_output/BCMA_all_0001__BCMA.a3m,examples/03_lead_mutagenesis_boltz_refolded/predictions/boltz_inputs/input_yamls/BCMA_all_0001__BCMA.yaml
BCMA_all_0002__BCMA,BCMA_all_0002__BCMA,BCMA_all_0002,SAADKLALLGKEAQQITQDALQNPAEFARVSNMLNTNEGRQQLLQEVQARIKAS,BCMA,CSQNEYFDSLLHACIPCQLRCSSNTPPLTCQRYCNA,examples/03_lead_mutagenesis_boltz_refolded/predictions/colabsearch_output/BCMA_all_0002__BCMA.a3m,examples/03_lead_mutagenesis_boltz_refolded/predictions/boltz_inputs/input_yamls/BCMA_all_0002__BCMA.yaml
BCMA_all_0003__BCMA,BCMA_all_0003__BCMA,BCMA_all_0003,SEAEREELLRREAEKIVNSALTDPEKFATVSHQLQTDEGRKALLKEVEERIKEK,BCMA,CSQNEYFDSLLHACIPCQLRCSSNTPPLTCQRYCNA,examples/03_lead_mutagenesis_boltz_refolded/predictions/colabsearch_output/BCMA_all_0003__BCMA.a3m,examples/03_lead_mutagenesis_boltz_refolded/predictions/boltz_inputs/input_yamls/BCMA_all_0003__BCMA.yaml
BCMA_all_0004__BCMA,BCMA_all_0004__BCMA,BCMA_all_0004,SASSRQSSLSRVAREVVERALQDPALRQIVSEMLNSEEGRQELLKIVEEKIKLS,BCMA,CSQNEYFDSLLHACIPCQLRCSSNTPPLTCQRYCNA,examples/03_lead_mutagenesis_boltz_refolded/predictions/colabsearch_output/BCMA_all_0004__BCMA.a3m,examples/03_lead_mutagenesis_boltz_refolded/predictions/boltz_inputs/input_yamls/BCMA_all_0004__BCMA.yaml
BCMA_all_0005__BCMA,BCMA_all_0005__BCMA,BCMA_all_0005,SDSEHRALLGKEAEKITKEALEDPEKYSEVSKALNTEQGRKELLKQVEARIAAK,BCMA,CSQNEYFDSLLHACIPCQLRCSSNTPPLTCQRYCNA,examples/03_lead_mutagenesis_boltz_refolded/predictions/colabsearch_output/BCMA_all_0005__BCMA.a3m,examples/03_lead_mutagenesis_boltz_refolded/predictions/boltz_inputs/input_yamls/BCMA_all_0005__BCMA.yaml
BCMA_int_0001__BCMA,BCMA_int_0001__BCMA,BCMA_int_0001,SMEEKLKKLREFAEEIFTEALKDPEKFKEVSWMLNTEEGKKKLLEIVEKKIKES,BCMA,CSQNEYFDSLLHACIPCQLRCSSNTPPLTCQRYCNA,examples/03_lead_mutagenesis_boltz_refolded/predictions/colabsearch_output/BCMA_int_0001__BCMA.a3m,examples/03_lead_mutagenesis_boltz_refolded/predictions/boltz_inputs/input_yamls/BCMA_int_0001__BCMA.yaml
BCMA_int_0002__BCMA,BCMA_int_0002__BCMA,BCMA_int_0002,SMEEYKKKLREFAEEIVNEAMKDPEKFKEVSWMLNTEEGRKKLKEIVEKKIKES,BCMA,CSQNEYFDSLLHACIPCQLRCSSNTPPLTCQRYCNA,examples/03_lead_mutagenesis_boltz_refolded/predictions/colabsearch_output/BCMA_int_0002__BCMA.a3m,examples/03_lead_mutagenesis_boltz_refolded/predictions/boltz_inputs/input_yamls/BCMA_int_0002__BCMA.yaml
BCMA_int_0003__BCMA,BCMA_int_0003__BCMA,BCMA_int_0003,SMEEYEKKLREFAEEITNEALKDPEKFKEVSWMLNTEEGREKLKEIVEKKIKES,BCMA,CSQNEYFDSLLHACIPCQLRCSSNTPPLTCQRYCNA,examples/03_lead_mutagenesis_boltz_refolded/predictions/colabsearch_output/BCMA_int_0003__BCMA.a3m,examples/03_lead_mutagenesis_boltz_refolded/predictions/boltz_inputs/input_yamls/BCMA_int_0003__BCMA.yaml
BCMA_int_0004__BCMA,BCMA_int_0004__BCMA,BCMA_int_0004,SMEEKMKKLSEFAKEIVEEALKDPEKFKEVSWMLDTEEGRKKLKEIVEKKIKES,BCMA,CSQNEYFDSLLHACIPCQLRCSSNTPPLTCQRYCNA,examples/03_lead_mutagenesis_boltz_refolded/predictions/colabsearch_output/BCMA_int_0004__BCMA.a3m,examples/03_lead_mutagenesis_boltz_refolded/predictions/boltz_inputs/input_yamls/BCMA_int_0004__BCMA.yaml
BCMA_int_0005__BCMA,BCMA_int_0005__BCMA,BCMA_int_0005,SMEEYKKKLKEFAQEIVLEALKDPEKFKEVSWMLETEEGRKKLKEIVEKKIKES,BCMA,CSQNEYFDSLLHACIPCQLRCSSNTPPLTCQRYCNA,examples/03_lead_mutagenesis_boltz_refolded/predictions/colabsearch_output/BCMA_int_0005__BCMA.a3m,examples/03_lead_mutagenesis_boltz_refolded/predictions/boltz_inputs/input_yamls/BCMA_int_0005__BCMA.yaml
BCMA_nonint_0001__BCMA,BCMA_nonint_0001__BCMA,BCMA_nonint_0001,SKEQYQGLMSKFANEITEQAMKDPELYKFVSAMLNTEQGRYELKGLVLRKIEQS,BCMA,CSQNEYFDSLLHACIPCQLRCSSNTPPLTCQRYCNA,examples/03_lead_mutagenesis_boltz_refolded/predictions/colabsearch_output/BCMA_nonint_0001__BCMA.a3m,examples/03_lead_mutagenesis_boltz_refolded/predictions/boltz_inputs/input_yamls/BCMA_nonint_0001__BCMA.yaml
BCMA_nonint_0002__BCMA,BCMA_nonint_0002__BCMA,BCMA_nonint_0002,SKTDYQNEMSKYANEITESAMNNPELYTRVSRMLNTEDGRYKLKEEVEKKIESS,BCMA,CSQNEYFDSLLHACIPCQLRCSSNTPPLTCQRYCNA,examples/03_lead_mutagenesis_boltz_refolded/predictions/colabsearch_output/BCMA_nonint_0002__BCMA.a3m,examples/03_lead_mutagenesis_boltz_refolded/predictions/boltz_inputs/input_yamls/BCMA_nonint_0002__BCMA.yaml
BCMA_nonint_0003__BCMA,BCMA_nonint_0003__BCMA,BCMA_nonint_0003,SEEEYQKKMSEEANKVTENAMKNPEEYKRVSEMLNTEEGRYKLKEIVLKRIEEK,BCMA,CSQNEYFDSLLHACIPCQLRCSSNTPPLTCQRYCNA,examples/03_lead_mutagenesis_boltz_refolded/predictions/colabsearch_output/BCMA_nonint_0003__BCMA.a3m,examples/03_lead_mutagenesis_boltz_refolded/predictions/boltz_inputs/input_yamls/BCMA_nonint_0003__BCMA.yaml
BCMA_nonint_0004__BCMA,BCMA_nonint_0004__BCMA,BCMA_nonint_0004,SKEEYQKQMSEEANKITEEAMKDPEKYKEVSEKLNTEEGRYKLKEEVEKRIKES,BCMA,CSQNEYFDSLLHACIPCQLRCSSNTPPLTCQRYCNA,examples/03_lead_mutagenesis_boltz_refolded/predictions/colabsearch_output/BCMA_nonint_0004__BCMA.a3m,examples/03_lead_mutagenesis_boltz_refolded/predictions/boltz_inputs/input_yamls/BCMA_nonint_0004__BCMA.yaml
BCMA_nonint_0005__BCMA,BCMA_nonint_0005__BCMA,BCMA_nonint_0005,TDLEYQKLMSEEANKITEEAMKDPEKYKEVSDMLNTLEGRYELKQVVEEKIEKR,BCMA,CSQNEYFDSLLHACIPCQLRCSSNTPPLTCQRYCNA,examples/03_lead_mutagenesis_boltz_refolded/predictions/colabsearch_output/BCMA_nonint_0005__BCMA.a3m,examples/03_lead_mutagenesis_boltz_refolded/predictions/boltz_inputs/input_yamls/BCMA_nonint_0005__BCMA.yaml
