id,sequence
BCMA_all_wildtype__BCMA,SMEEYQKKMSEFANEITEEAMKDPEKYKEVSWMLNTEEGRYKLKEIVEKKIKES:CSQNEYFDSLLHACIPCQLRCSSNTPPLTCQRYCNA
BCMA_all_0001__BCMA,SSLAELKLLSKYAEKIFNEALKDPKLFEEVSKMLNTEKGRLELLEKVQEMIKKE:CSQNEYFDSLLHACIPCQLRCSSNTPPLTCQRYCNA
BCMA_all_0002__BCMA,SAADKLALLGKEAQQITQDALQNPAEFARVSNMLNTNEGRQQLLQEVQARIKAS:CSQNEYFDSLLHACIPCQLRCSSNTPPLTCQRYCNA
BCMA_all_0003__BCMA,SEAEREELLRREAEKIVNSALTDPEKFATVSHQLQTDEGRKALLKEVEERIKEK:CSQNEYFDSLLHACIPCQLRCSSNTPPLTCQRYCNA
BCMA_all_0004__BCMA,SASSRQSSLSRVAREVVERALQDPALRQIVSEMLNSEEGRQELLKIVEEKIKLS:CSQNEYFDSLLHACIPCQLRCSSNTPPLTCQRYCNA
BCMA_all_0005__BCMA,SDSEHRALLGKEAEKITKEALEDPEKYSEVSKALNTEQGRKELLKQVEARIAAK:CSQNEYFDSLLHACIPCQLRCSSNTPPLTCQRYCNA
BCMA_int_0001__BCMA,SMEEKLKKLREFAEEIFTEALKDPEKFKEVSWMLNTEEGKKKLLEIVEKKIKES:CSQNEYFDSLLHACIPCQLRCSSNTPPLTCQRYCNA
BCMA_int_0002__BCMA,SMEEYKKKLREFAEEIVNEAMKDPEKFKEVSWMLNTEEGRKKLKEIVEKKIKES:CSQNEYFDSLLHACIPCQLRCSSNTPPLTCQRYCNA
BCMA_int_0003__BCMA,SMEEYEKKLREFAEEITNEALKDPEKFKEVSWMLNTEEGREKLKEIVEKKIKES:CSQNEYFDSLLHACIPCQLRCSSNTPPLTCQRYCNA
BCMA_int_0004__BCMA,SMEEKMKKLSEFAKEIVEEALKDPEKFKEVSWMLDTEEGRKKLKEIVEKKIKES:CSQNEYFDSLLHACIPCQLRCSSNTPPLTCQRYCNA
BCMA_int_0005__BCMA,SMEEYKKKLKEFAQEIVLEALKDPEKFKEVSWMLETEEGRKKLKEIVEKKIKES:CSQNEYFDSLLHACIPCQLRCSSNTPPLTCQRYCNA
BCMA_nonint_0001__BCMA,SKEQYQGLMSKFANEITEQAMKDPELYKFVSAMLNTEQGRYELKGLVLRKIEQS:CSQNEYFDSLLHACIPCQLRCSSNTPPLTCQRYCNA
BCMA_nonint_0002__BCMA,SKTDYQNEMSKYANEITESAMNNPELYTRVSRMLNTEDGRYKLKEEVEKKIESS:CSQNEYFDSLLHACIPCQLRCSSNTPPLTCQRYCNA
BCMA_nonint_0003__BCMA,SEEEYQKKMSEEANKVTENAMKNPEEYKRVSEMLNTEEGRYKLKEIVLKRIEEK:CSQNEYFDSLLHACIPCQLRCSSNTPPLTCQRYCNA
BCMA_nonint_0004__BCMA,SKEEYQKQMSEEANKITEEAMKDPEKYKEVSEKLNTEEGRYKLKEEVEKRIKES:CSQNEYFDSLLHACIPCQLRCSSNTPPLTCQRYCNA
BCMA_nonint_0005__BCMA,TDLEYQKLMSEEANKITEEAMKDPEKYKEVSDMLNTLEGRYELKQVVEEKIEKR:CSQNEYFDSLLHACIPCQLRCSSNTPPLTCQRYCNA
